cloneId	cloneCount	cloneFraction	clonalSequence	clonalSequenceQuality	allVHitsWithScore	allDHitsWithScore	allJHitsWithScore	allCHitsWithScore	allVAlignments	allDAlignments	allJAlignments	allCAlignments	nSeqFR1	minQualFR1	nSeqCDR1	minQualCDR1	nSeqFR2	minQualFR2	nSeqCDR2	minQualCDR2	nSeqFR3	minQualFR3	nSeqCDR3	minQualCDR3	nSeqFR4	minQualFR4	aaSeqFR1	aaSeqCDR1	aaSeqFR2	aaSeqCDR2	aaSeqFR3	aaSeqCDR3	aaSeqFR4	refPoints
0	103	0.14884393063583815	TGTACATAAGGTTCCAAGTGAGGAAACATCGGTGTGAGTCCAGACACAAAATTTCCTGCAAAAAGAAGAAAGGAGTCTGG	CCCCCCCCCCCCCCCCCCCCCCCCCCCCCCCCCCCCCCCCCCCCCCCCCCCCCCCCCCCCCCCCCCCCCCCCCCCCCCCC	IGHV3-29*00(543.8)	IGHD3-3*00(31),IGHD3-9*00(31)	IGHJ6*00(56.2)		285|298|318|0|13||65.0	13|22|93|55|64|SC15G|31.0;15|24|93|46|55|SA21T|31.0	42|52|83|71|80|DC45|33.0												TGTACATAAGGTTCCAAGTGAGGAAACATCGGTGTGAGTCCAGACACAAAATTTCCTGCAAAAAGAAGAAAGGAGTCTGG	34								CT*GSK*GNIGVS_RHKISCKKKKGVW		:::::::::0:0:13:55:18:-40:64:71:-22:80:::
1	102	0.14739884393063585	TGTGTGCTGTGTTC	CCCCCCCCCCCCCC	IGLV8-61*00(60)		IGLJ7*00(161.8)		267|277|316|0|10||50.0		20|30|58|4|14||50.0												TGTGTGCTGTGTTC	34								CV_VF		:::::::::0:-19:10:::::4:0:14:::
2	41	0.059248554913294796	TGTATGGGAGAAGCAGGAGGGCAGAGGCTGTGCTACTGGTACTTCGATCTCTGG	CCCCCCCCCCCCCCCCCCCCCCCCCCCCCCCCCCCCCCCCCCCCCCCCCCCCCC	IGHV3-33-2*00(54.2),IGHV3-79*00(48.6)	IGHD6-19*00(36),IGHD6-25*00(31)	IGHJ2*00(264.8)		285|295|318|0|10|ST291G|36.0;283|293|323|0|10|ST289G|36.0	28|38|63|20|30|ST32A|36.0;25|34|54|20|29|SC29A|31.0	19|42|73|31|54||115.0												TGTATGGGAGAAGCAGGAGGGCAGAGGCTGTGCTACTGGTACTTCGATCTCTGG	34								CMGEAGGQRLCYWYFDLW		:::::::::0:-3:10:20:-7:-4:30:31:1:54:::
3	14	0.02023121387283237	TGTCAACAGAGTTACAGTACCCCTCCCACAGTGTTACAAGTCATAACATAAACCTCCAAGGAAGCAGATGTGTGAGGACGAGCCACCCCAGATGCTCCTCCTGGTGCCTCCATCTGCTGAGAGCATTTCTCAAACTCAGTCAGGTTTTGAAAGTCATTGGGAGACTTTT	CCCCCCCCCCCCCCCCCCCCCCCCCCCCCCCCCCCCCCCCCCCCCCCCCCCCCCCCCCCCCCCCCCCCCCCCCCCCCCCCCCCCCCCCCCCCCCCCCCCCCCCCCCCCCCCCCCCCCCCCCCCCCCCCCCCCCCCCCCCCCCCCCCCCCCCCCCCCCCCCCCCCCCCCC	IGKV1-39*00(385.7)		IGKJ2*00(42.6)		261|285|305|0|24||120.0		25|31|59|163|169||30.0												TGTCAACAGAGTTACAGTACCCCTCCCACAGTGTTACAAGTCATAACATAAACCTCCAAGGAAGCAGATGTGTGAGGACGAGCCACCCCAGATGCTCCTCCTGGTGCCTCCATCTGCTGAGAGCATTTCTCAAACTCAGTCAGGTTTTGAAAGTCATTGGGAGACTTTT	34								CQQSYSTPPTVLQVIT*TSKEADV*GRA_PQMLLLVPPSAESISQTQSGFESHWETF		:::::::::0:0:24:::::163:-5:169:::
4	14	0.02023121387283237	TGTGTGAGAAATCCTGTGAGGGGACACAAGTGTGAGCCCAGACACAAACCTCCTGCAGGAACGTTGGGGGAAATCACTGCAGGGGGCGCTCAGG	CCCCCCCCCCCCCCCCCCCCCCCCCCCCCCCCCCCCCCCCCCCCCCCCCCCCCCCCCCCCCCCCCCCCCCCCCCCCCCCCCCCCCCCCCCCCCC	IGHV3-16*00(366.2)	IGHD3-16*00(43)	IGHJ1P*00(44.5)		285|297|316|0|12||60.0	48|60|111|60|71|DT51|43.0	25|41|72|77|94|ST28ASC35GI37TST38A|26.0												TGTGTGAGAAATCCTGTGAGGGGACACAAGTGTGAGCCCAGACACAAACCTCCTGCAGGAACGTTGGGGGAAATCACTGCAGGGGGCGCTCAGG	34								CVRNPVRGHKCEPRHK_LLQERWGKSLQGALR		:::::::::0:1:12:60:-11:-14:71:77:-5:94:::
5	13	0.01878612716763006	TGCACCAGACTCTCTCTTGTATACCACCATTTCAAGGTTTACTTGGGGTTTCTGATTGTGTCTGAAGCAATAGAAAGCAAAAGTAACTCCAGACTTCATAATAGGCAGCTTT	CCCCCCCCCCCCCCCCCCCCCCCCCCCCCCCCCCCCCCCCCCCCCCCCCCCCCCCCCCCCCCCCCCCCCCCCCCCCCCCCCCCCCCCCCCCCCCCCCCCCCCCCCCCCCCCC	TRBV1*00(69.6)		TRBJ1-6*00(60.3)		267|275|304|0|8||40.0		41|45|73|108|112||20.0												TGCACCAGACTCTCTCTTGTATACCACCATTTCAAGGTTTACTTGGGGTTTCTGATTGTGTCTGAAGCAATAGAAAGCAAAAGTAACTCCAGACTTCATAATAGGCAGCTTT	34								CTRLSLVYHHFKVYLGFLI_CLKQ*KAKVTPDFIIGSF		:::::::::0:-9:8:::::108:-21:112:::
6	11	0.015895953757225433	TGTACATAAGGTTCCAAGTGAGGAAACATCGGTGTGAGTCCAGACACAAAATTTCCTGCAGAAAGAAGAAAGGATTCTGG	CCCCCCCCCCCCCCCCCCCCCCCCCCCCCCCCCCCCCCCCCCCCCCCCCCCCCCCCCCCCCCCCCCCCCCCCCCCCCCCC	IGHV3-63*00(625.5)	IGHD3-9*00(31)	IGHJ3*00(45.5)		285|308|328|0|23||115.0	15|24|93|46|55|SA21T|31.0	30|39|70|72|80|DA33|28.0												TGTACATAAGGTTCCAAGTGAGGAAACATCGGTGTGAGTCCAGACACAAAATTTCCTGCAGAAAGAAGAAAGGATTCTGG	34								CT*GSK*GNIGVS_RHKISCRKKKGFW		:::::::::0:0:23:46:16:-38:55:72:-10:80:::
7	10	0.014450867052023121	TGTGGATCACCTTC	CCCCCCCCCCCCCC	IGKV3-31*00(50)		IGKJ5*00(190)		259|262|303|0|3||15.0		20|30|58|4|14||50.0												TGTGGATCACCTTC	34								CG_TF		:::::::::0:-21:3:::::4:0:14:::
8	9	0.01300578034682081	TGTACATAAGGTCCCAAGTGAGAGCTGAGGACATGGCTGTGCATGGCTGTACATAAGGTCCCAAGTGAGCAAACATCGGTGTGAGTCCAGACACAACACTTCCTGCAAAAACAAGAAAGGAGTCTGG	CCCCCCCCCCCCCCCCCCCCCCCCCCCCCCCCCCCCCCCCCCCCCCCCCCCCCCCCCCCCCCCCCCCCCCCCCCCCCCCCCCCCCCCCCCCCCCCCCCCCCCCCCCCCCCCCCCCCCCCCCCCCCCC	IGHV3-29*00(364.1),IGHV3-32*00(355.1)	IGHD7-27*00(38),IGHD6-19*00(37),IGHD5-18*00(36)	IGHJ6*00(38.2)		285|297|318|0|12||60.0;285|298|318|0|13|SA286G|51.0	0|16|33|58|74|SC4AST8GST12A|38.0;28|45|63|40|55|DG31DG37SG42A|37.0;5|15|60|41|51|SA8G|36.0	42|52|83|118|127|DC45|33.0												TGTACATAAGGTCCCAAGTGAGAGCTGAGGACATGGCTGTGCATGGCTGTACATAAGGTCCCAAGTGAGCAAACATCGGTGTGAGTCCAGACACAACACTTCCTGCAAAAACAAGAAAGGAGTCTGG	34								CT*GPK*ELRTWLCMAVHKVP_VSKHRCESRHNTSCKNKKGVW		:::::::::0:-1:12:58:11:-6:74:118:-22:127:::
9	9	0.01300578034682081	TGTGCGAGACACACAGTGAGAGAAACCAGCCCCGAGCCCGTCTAAAACCCTCCACACCGCAGGTGCAGAATGAGCTGCTAGAGACTCACTCCCCAGG	CCCCCCCCCCCCCCCCCCCCCCCCCCCCCCCCCCCCCCCCCCCCCCCCCCCCCCCCCCCCCCCCCCCCCCCCCCCCCCCCCCCCCCCCCCCCCCCCC	IGHV5-51*00(619.1)	IGHD6-6*00(45),IGHD2-15*00(40),IGHD2-2*00(40)	IGHJ5*00(41),IGHJ1P*00(40)		285|296|316|0|11||55.0	4|13|54|71|80||45.0;50|58|93|72|80||40.0;50|58|93|72|80||40.0	33|40|71|90|97|ST37A|21.0;34|41|72|90|97|ST38A|21.0												TGTGCGAGACACACAGTGAGAGAAACCAGCCCCGAGCCCGTCTAAAACCCTCCACACCGCAGGTGCAGAATGAGCTGCTAGAGACTCACTCCCCAGG	34								CARHTVRETSPEPV*N_LHTAGAE*AARDSLPR		:::::::::0:0:11:71:14:-23:80:90:-13:97:::
10	9	0.01300578034682081	TGTGCAAGAGACACAGTGAGGGGAAGTCAGTGTGAGCCCAGACACAAACCTCTCTGCAGAATGCTTGGGGGAAATCAGCTGCGGGGGGCACACAGG	CCCCCCCCCCCCCCCCCCCCCCCCCCCCCCCCCCCCCCCCCCCCCCCCCCCCCCCCCCCCCCCCCCCCCCCCCCCCCCCCCCCCCCCCCCCCCCCC	IGHV3-13*00(439.1),IGHV3-47*00(430.7)	IGHD3-16*00(40)	IGHJ1P*00(44.2)		282|293|313|0|11||55.0;282|293|313|0|11||55.0	52|60|111|64|72||40.0	22|41|72|76|96|SG24CST28GSC35AI37AST38A|27.0												TGTGCAAGAGACACAGTGAGGGGAAGTCAGTGTGAGCCCAGACACAAACCTCTCTGCAGAATGCTTGGGGGAAATCAGCTGCGGGGGGCACACAGG	34								CARDTVRGSQCEPRHKPLCRMLGGNQLRGAHR		:::::::::0:0:11:64:-15:-14:72:76:-2:96:::
11	8	0.011560693641618497	TGTGCGAGAGACACAGTGAGGGGAAGTCAGTGTGAGCCCAGACACAAACCTCCCTGCAGGGGTCCCTTGGGACCACCAGGGGGCGCCCGGGACACTGAGCACGG	CCCCCCCCCCCCCCCCCCCCCCCCCCCCCCCCCCCCCCCCCCCCCCCCCCCCCCCCCCCCCCCCCCCCCCCCCCCCCCCCCCCCCCCCCCCCCCCCCCCCCCCC	IGHV3-11*00(621.4)	IGHD2-15*00(35),IGHD2-21*00(35),IGHD1-26*00(31)	IGHJ2P*00(43)		285|296|316|0|11||55.0	12|19|93|71|78||35.0;12|19|84|71|78||35.0;25|34|60|28|37|SG29T|31.0	34|43|78|96|104|DT40|28.0												TGTGCGAGAGACACAGTGAGGGGAAGTCAGTGTGAGCCCAGACACAAACCTCCCTGCAGGGGTCCCTTGGGACCACCAGGGGGCGCCCGGGACACTGAGCACGG	34								CARDTVRGSQCEPRHKP_LQGSLGTTRGRPGH*AR		:::::::::0:0:11:71:19:-43:78:96:-14:104:::
12	8	0.011560693641618497	TGTATGATTTGGCACAGCAGTGCTTCTCACAGTGACACACACAGATGG	CCCCCCCCCCCCCCCCCCCCCCCCCCCCCCCCCCCCCCCCCCCCCCCC	IGLV5-45*00(694.5),IGLV5-48*00(684),IGLV5-37*00(617.5)		IGLJ1*00(41)		285|312|332|0|27|SC305T|121.0;285|312|332|0|27||135.0;285|312|332|0|27|SC298ASA299CSA304G|93.0		30|30|58|48|48||0.0												TGTATGATTTGGCACAGCAGTGCTTCTCACAGTGACACACACAGATGG	34								CMIWHSSASHSDTHRW		:::::::::0:0:27:::::48:-10:48:::
13	8	0.011560693641618497	TACTACTACTACGGTATGGACGTCTGG	CCCCCCCCCCCCCCCCCCCCCCCCCCC	IGHV7-81*00(30.8)		IGHJ6*00(237.1)		285|286|316|0|1||5.0		25|52|83|0|27|ST37GSA38GSC39T|93.0												TACTACTACTACGGTATGGACGTCTGG	34								YYYYGMDVW		:::::::::0:-10:1:::::0:-5:27:::
14	7	0.010115606936416185	TGTGAAAGACTCAGTGAGGAGGTGTCCTTATGAGCCCTGACACAAACCTGTCAGGGCACTTAGGACCTCCAGGAAGACTCAAGACCACCAAGGGGACTCACGACCACTGG	CCCCCCCCCCCCCCCCCCCCCCCCCCCCCCCCCCCCCCCCCCCCCCCCCCCCCCCCCCCCCCCCCCCCCCCCCCCCCCCCCCCCCCCCCCCCCCCCCCCCCCCCCCCCCC	IGHV4-59*00(121.1),IGHV4-61*00(121.1),IGHV4-34*00(113.4)	IGHD2-15*00(35),IGHD2-21*00(35),IGHD3-9*00(31)	IGHJ2P*00(46.7)		282|286|313|0|4||20.0;288|292|319|0|4||20.0;282|286|313|0|4||20.0	12|19|93|83|90||35.0;12|19|84|83|90||35.0;8|17|93|44|53|SA12T|31.0	34|43|78|101|110|SG36C|31.0												TGTGAAAGACTCAGTGAGGAGGTGTCCTTATGAGCCCTGACACAAACCTGTCAGGGCACTTAGGACCTCCAGGAAGACTCAAGACCACCAAGGGGACTCACGACCACTGG	34								CERLSEEVSL*ALTQTCQ_HLGPPGRLKTTKGTHDHW		:::::::::0:-7:4:83:19:-43:90:101:-14:110:::
15	7	0.010115606936416185	TATACATAAGGTCCCAAGTGAGGAAATATCGGTGTGAGTCCAGACACAACATTTCCTGCAAAAAGAAGAAAGGAGTCTGG	CCCCCCCCCCCCCCCCCCCCCCCCCCCCCCCCCCCCCCCCCCCCCCCCCCCCCCCCCCCCCCCCCCCCCCCCCCCCCCCC	IGHV3-32*00(673)	IGHD3-9*00(40)	IGHJ6*00(47.9)		285|298|318|0|13||65.0	17|25|93|23|31||40.0	42|52|83|71|80|DC45|33.0												TATACATAAGGTCCCAAGTGAGGAAATATCGGTGTGAGTCCAGACACAACATTTCCTGCAAAAAGAAGAAAGGAGTCTGG	34								YT*GPK*GNIGVS_RHNISCKKKKGVW		:::::::::0:0:13:23:14:-37:31:71:-22:80:::
16	6	0.008670520231213872	TGTCAACAGAGTGACAGTAACCCTCCCACAGTGTTACAAGTCATAACATAAACCCCAAGGAAGCAGATGTGTGAGGCTGGGCTGCCCCAATGCTCCTTCTGGTGCCTCTATCTGCTGAGGGAAGTTCTCAAACTCAGTCAGGTTTGGAAAGTCATCGGGAGATTTTCCTAGAGGA	CCCCC;CCCCCCCCCCCCCCCCCCCCCCCCCCCCCCCCCCCCCCCCCCCCCCCCCCCCCCCCCCCCCCCCCCCCCCCCCCCCCCCCCCCCCCCCCCCCCCCCCCCCCCCCCCCCCCCCCCCCCCCCCCCCCCCCCCCCCCCCCCCCCCCCCCCCCCCCCCCCCCCCCCCCCCCCC	IGKV1-39*00(316.7),IGKV1-13*00(306.8),IGKV1-16*00(297.7)		IGKJ2*00(40)		261|285|305|0|24|ST273GSC280A|92.0;261|270|305|0|9||45.0;261|285|305|0|24|SC263TST270ASA271GSA273GST275CST279A|36.0		31|31|59|175|175||0.0												TGTCAACAGAGTGACAGTAACCCTCCCACAGTGTTACAAGTCATAACATAAACCCCAAGGAAGCAGATGTGTGAGGCTGGGCTGCCCCAATGCTCCTTCTGGTGCCTCTATCTGCTGAGGGAAGTTCTCAAACTCAGTCAGGTTTGGAAAGTCATCGGGAGATTTTCCTAGAGGA	26								CQQSDSNPPTVLQVIT*TPRKQMCEAGLP_NAPSGASIC*GKFSNSVRFGKSSGDFPRG		:::::::::0:0:24:::::175:-11:175:::
17	6	0.008670520231213872	TGTCAGACCTGGGGCACTGGCATTCACACAGTGACACAGGCAGATGA	CCCCCCCCCCCCCCCCCCCCCCCCCCCCCCCCCCCCCCCCCCCCCCC	IGLV4-69*00(745.3)		IGLJ1*00(41)		273|299|319|0|26||130.0		30|30|58|47|47||0.0												TGTCAGACCTGGGGCACTGGCATTCACACAGTGACACAGGCAGATGA	34								CQTWGTGI_HSDTGR*		:::::::::0:0:26:::::47:-10:47:::
18	6	0.008670520231213872	TGTCAACAGTATTATAGTACCCCTCTGGTCACTTTC	CCCCCCCCCCCCCCCCCCCCCCCCCCCCCCCCCCCC	IGKV1-8*00(557),IGKV1-16*00(553),IGKV1-13*00(539),IGKV1-17*00(525),IGKV1-39*00(519)		IGKJ3*00(180)		261|284|305|0|22|DT278|98.0;261|284|305|0|22|SC263TSA273TDT278|70.0;261|284|305|0|22|ST271ASA273TDA276ST278G|56.0;261|284|305|0|22|ST265ASC270TSA273TDT278|56.0;261|285|305|0|24|SA270TSG271ASC275T|78.0		22|30|58|28|36||40.0												TGTCAACAGTATTATAGTACCCCTCTGGTCACTTTC	34								CQQYYSTPLVTF		:::::::::0:-1:22:::::28:-2:36:::
19	6	0.008670520231213872	TGCTGCTCATATGCAGGTAGTAGCACTTATGTCTTC	CCCCCCCCCCCCCCCCCCCCCCCCCCCCCCCCCCCC	IGLV2-23*00(580)		IGLJ1*00(190)		267|295|317|0|28||140.0		20|30|58|26|36||50.0												TGCTGCTCATATGCAGGTAGTAGCACTTATGTCTTC	34								CCSYAGSSTYVF		:::::::::0:-2:28:::::26:0:36:::
20	5	0.0072254335260115606	TGTGCGAGAGACACAGTGAGGGGAAGTCAGTGTGAGCCCAGACACAAACCTCCCTGCAGGGGTCCCTTGGGACCACCAGGGGGCGACAGGGCATTGAGCACTGG	CCCCCCCCCCCCCCCCCCCCCCCCCCCCCCCCCCCCCCCCCCCCCCCCCCCCCCCCCCCCCCCCCCCCCCCCCCCCCCCCCCCCCCCCCCCCCCCCCCCCCCCC	IGHV3-7*00(570)	IGHD2-15*00(35),IGHD2-21*00(35),IGHD1-26*00(31)	IGHJ2P*00(45),IGHJ1*00(40)		285|296|316|0|11||55.0	12|19|93|71|78||35.0;12|19|84|71|78||35.0;25|34|60|28|37|SG29T|31.0	34|43|78|95|104||45.0;33|41|72|96|104||40.0												TGTGCGAGAGACACAGTGAGGGGAAGTCAGTGTGAGCCCAGACACAAACCTCCCTGCAGGGGTCCCTTGGGACCACCAGGGGGCGACAGGGCATTGAGCACTGG	34								CARDTVRGSQCEPRHKP_LQGSLGTTRGRQGIEHW		:::::::::0:0:11:71:19:-43:78:95:-14:104:::
21	5	0.0072254335260115606	TGTGCGAGAGACACAGTGAGGGGAAGTCAGTGTGAGCCCAGACACAAACCTCCCTGCAGGGGTCCCTTGGGACCACCAGGGGGCGACAGCACACTGAGCACGG	CCCCCCCCCCCCCCCCCCCCCCCCCCCCCCCCCCCCCCCCCCCCCCCCCCCCCCCCCCCCCCCCCCCCCCCCCCCCCCCCCCCCCCCCCCCCCCCCCCCCCCC	IGHV3-21*00(529.6),IGHV3-11*00(524),IGHV3-48*00(518.4)	IGHD2-15*00(35),IGHD2-21*00(35),IGHD1-26*00(31)	IGHJ2P*00(43)		285|296|316|0|11||55.0;285|296|316|0|11||55.0;285|296|316|0|11||55.0	12|19|93|71|78||35.0;12|19|84|71|78||35.0;25|34|60|28|37|SG29T|31.0	34|43|78|95|103|DT40|28.0												TGTGCGAGAGACACAGTGAGGGGAAGTCAGTGTGAGCCCAGACACAAACCTCCCTGCAGGGGTCCCTTGGGACCACCAGGGGGCGACAGCACACTGAGCACGG	34								CARDTVRGSQCEPRHKP_PAGVPWDHQGATAH*AR		:::::::::0:0:11:71:19:-43:78:95:-14:103:::
22	5	0.0072254335260115606	GTGTGAAAGATGCAGTGAGAAGTCAGTGTGAGCCCAGACACAAACCTCCCTGCAGGGTACCTGGGACAACCAGGGAAAGCCTGGGACACTATATACTGG	CCCCCCCCCCCCCCCCCCCCCCCCCCCCCCCCCCCCCCCCCCCCCCCCCCCCCCCCCCCCCCCCCCCCCCCCCCCCCCCCCCCCCCCCCCCCCCCCCCC	IGHV3-62*00(555.4),IGHV3-60*00(513.4)	IGHD1-1*00(39),IGHD1-26*00(35),IGHD5-12*00(35)	IGHJ4*00(40)		285|297|316|0|11|DT285|43.0;286|298|317|0|11|DT286|43.0	12|25|51|56|70|I17TST19G|39.0;11|18|60|86|93||35.0;11|18|69|86|93||35.0	31|37|68|93|99||30.0												GTGTGAAAGATGCAGTGAGAAGTCAGTGTGAGCCCAGACACAAACCTCCCTGCAGGGTACCTGGGACAACCAGGGAAAGCCTGGGACACTATATACTGG	34								V*KMQ*EVSVSPDTNLPAGYLGQPGKAWDTIYW		:::::::::0:1:11:56:5:-9:70:93:-11:99:::
23	5	0.0072254335260115606	TGTACTAGAGACACAGTGAGGGGAGGTTAACCTGGGCCCATACACAAATCTCCCTGCAGGGGCGCGCAGGGCCAACTGGGGGCGCTCGGG	CCCCCCCCCCCCCCCCCCCCCCCCCCCCCCCCCCCCCCCCCCCCCCCCCCCCCCCCCCCCCCCCCCCCCCCCCCCCCCCCCCCCCCCCCC	IGHV3-42*00(570.4)	IGHD2-8*00(35),IGHD3-10*00(33),IGHD3-16*00(33)	IGHJ1P*00(47.6)		291|302|322|0|11||55.0	7|14|93|38|45||35.0;46|55|93|19|29|I51G|33.0;55|64|111|19|29|I60G|33.0	27|41|72|75|90|SC35GI37TST38G|30.0												TGTACTAGAGACACAGTGAGGGGAGGTTAACCTGGGCCCATACACAAATCTCCCTGCAGGGGCGCGCAGGGCCAACTGGGGGCGCTCGGG	34								CTRDTVRGG*PGPIHKSPCRGAQGQLGALG		:::::::::0:0:11:38:24:-48:45:75:-7:90:::
24	5	0.0072254335260115606	TGTGTGAAACACAGAGTGAGGGGAAGTCAGTGAGAGCCCAGGCACAAACCTCCCTGAAGGGGTCCCAGAAACGACTAGGGG	CCCCCCCCCCCCCCCCCCCCCCCCCCCCCCCCCCCCCCCCCCCCCCCCCCCCCCCCCCCCCCCCCCCCCCCCCCCCCCCCC	IGHV3-21*00(476.2),IGHV3-11*00(473.6),IGHV3-7*00(464.2),IGHV3-48*00(445.4)	IGHD1-26*00(31),IGHD3-10*00(31),IGHD4-4*00(28)	IGHJ4*00(40)		285|292|316|0|7|SC289T|21.0;285|292|316|0|7|SC289T|21.0;285|292|316|0|7|SC289T|21.0;285|292|316|0|7|SC289T|21.0	25|34|60|28|37|SG29A|31.0;10|19|93|49|58|SC15T|31.0;11|19|48|24|33|I16G|28.0	28|37|68|72|81|SC33GST34G|17.0												TGTGTGAAACACAGAGTGAGGGGAAGTCAGTGAGAGCCCAGGCACAAACCTCCCTGAAGGGGTCCCAGAAACGACTAGGGG	34								CVKHRVRGSQ*EPRHKPP*RGPRND*G		:::::::::0:-4:7:28:-5:-6:37:72:-8:81:::
25	5	0.0072254335260115606	TGTACATAAGGTTCCAAGTGAGGAAACATCGGTGTGAGTCCAGACACAAAATTTCATGCAGAAAGAAGAAAGGATTCTGG	CCCCCCCCCCCCCCCCCCCCCCCCCCCCCCCCCCCCCCCCCCCCCCCCCCCCCCCCCCCCCCCCCCCCCCCCCCCCCCCC	IGHV3-63*00(731)	IGHD3-9*00(31)	IGHJ3*00(45),IGHJ6*00(42)		285|308|328|0|23||115.0	15|24|93|46|55|SA21T|31.0	30|39|70|72|80|DA33|28.0;47|52|83|75|80||25.0												TGTACATAAGGTTCCAAGTGAGGAAACATCGGTGTGAGTCCAGACACAAAATTTCATGCAGAAAGAAGAAAGGATTCTGG	34								CT*GSK*GNIGVS_RHKISCRKKKGFW		:::::::::0:0:23:46:16:-38:55:72:-10:80:::
26	5	0.0072254335260115606	TGCAGCTCATATACAAGCAGCAGCACTTTCCACAGAGGTCCAAGTTCCTGG	CCCCCCCCCCCCCCCCCCCCCCCCCCCCCCCCCCCCCCCCCCCCCCCCCCC	IGLV2-18*00(715.4),IGLV2-14*00(657.2)		IGLJ1*00(54)		267|297|317|0|30|ST274C|136.0;267|297|317|0|30|SC294T|136.0		30|30|58|51|51||0.0												TGCAGCTCATATACAAGCAGCAGCACTTTCCACAGAGGTCCAAGTTCCTGG	34								CSSYTSSSTFHRGPSSW		:::::::::0:0:30:::::51:-10:51:::
27	5	0.0072254335260115606	TGTGCCATTTGGTACAGCAGCACTTCTCACAGTGACACACACACATGG	CCCCCCCCCCCCCCCCCCCCCCCCCCCCCCCCCCCCCCCCCCCCCCCC	IGLV5-45*00(764)		IGLJ1*00(41)		285|312|332|0|27|SA288GST289CSG290CSC297TSG306A|65.0		30|30|58|48|48||0.0												TGTGCCATTTGGTACAGCAGCACTTCTCACAGTGACACACACACATGG	34								CAIWYSSTSHSDTHTW		:::::::::0:0:27:::::48:-10:48:::
28	4	0.005780346820809248	TGTAAACAGGACTTCAGTTACCCTCCCACAGGGTTACAAGCCTGAACATAAGCCCATTAGTGAAACAAATGTATGAAGTTGGGTTGCACAGAGGCTCCGCCTGGTGCCTCCATCTGCTGAAAGCATTTCTCAGATGTATACAAGTTTTTAAGCTTTT	CCCCCCCCCCCCCCCCCCCCCCCCCCCCCCCCCCCCCCCCCCCCCCCCCCCCCCCCCCCCCCCCCCCCCCCCCCCCCCCCCCCCCCCCCCCCCCCCCCCCCCCCCCCCCCCCCCCCCCCCCCCCCCCCCCCCCCCCCCCCCCCCCCCCCCCCCCCCC	IGKV1-13*00(389),IGKV1-39*00(374)		IGKJ2*00(40)		261|270|305|0|9|SC264A|31.0;261|283|305|0|23|SC264AI269GSG271CDA274I278T|41.0		26|31|59|152|157||25.0												TGTAAACAGGACTTCAGTTACCCTCCCACAGGGTTACAAGCCTGAACATAAGCCCATTAGTGAAACAAATGTATGAAGTTGGGTTGCACAGAGGCTCCGCCTGGTGCCTCCATCTGCTGAAAGCATTTCTCAGATGTATACAAGTTTTTAAGCTTTT	34								CKQDFSYPPTGLQA*T*AH**NKCMK_WVAQRLRLVPPSAESISQMYTSF*AF		:::::::::0:-15:9:::::152:-6:157:::
29	4	0.005780346820809248	TGTGTGAGAAATCCTGTGAGGGGACACAAGTGTGAGCCCAGACACAAACCTCCTGCAGGAACGTTGGGGGAAATCACTGCAGGGGGCGCTCAGGACCCATTCATCAGAGTCAACCCCAGAGCAGGTTCACATGGAGGCTGG	CCCCCCCCCCCCCCCCCCCCCCCCCCCCCCCCCCCCCCCCCCCCCCCCCCCCCCCCCCCCCCCCCCCCCCCCCCCCCCCCCCCCCCCCCCCCCCCCCCCCCCCCCCCCCCCCCCCCCCCCCCCCCCCCCCCCCCCCCCCCC	IGHV3-16*00(430.3)	IGHD3-16*00(43)	IGHJ6*00(47.8)		285|297|316|0|12||60.0	48|60|111|60|71|DT51|43.0	38|52|83|128|141|SC45GDT47|39.0												TGTGTGAGAAATCCTGTGAGGGGACACAAGTGTGAGCCCAGACACAAACCTCCTGCAGGAACGTTGGGGGAAATCACTGCAGGGGGCGCTCAGGACCCATTCATCAGAGTCAACCCCAGAGCAGGTTCACATGGAGGCTGG	34								CVRNPVRGHKCEPRHKPPAGTLGEITAGGAQDPFIRVNPRAGSHGGW		:::::::::0:1:12:60:-11:-14:71:128:-18:141:::
30	4	0.005780346820809248	CGGACAGTCAGCTTCCATGTGACGCCCGGAGACAGAAGGTCTCTGGGTGGCTGGGTTTTTGTGGGGTGAGGATGGACATTCTGCCATTGTGATTACTACTACTACTACGGTATGGACGTCTGG	CCCCCCCCCCCCCCCCCCCCCCCCCCCCCCCCCCCCCCCCCCCCCCCCCCCCCCCCCCCCCCCCCCCCCCCCCCCCCCCCCCCCCCCCCCCCCCCCCCCCCCCCCCCCCCCCCCCCCCCCCCC	IGHV3-41*00(46)	IGHD2-21*00(43),IGHD6-19*00(40)	IGHJ6*00(149)		276|276|315|0|0||0.0	34|46|84|58|69|DT40|43.0;31|39|63|46|54||40.0	20|52|83|91|123|ST37GSA38GSC39T|118.0												CGGACAGTCAGCTTCCATGTGACGCCCGGAGACAGAAGGTCTCTGGGTGGCTGGGTTTTTGTGGGGTGAGGATGGACATTCTGCCATTGTGATTACTACTACTACTACGGTATGGACGTCTGG	34								RTVSFHVTPGDRRSLGGWVFVG*GWTFCHCDYYYYYGMDVW		:::::::::0:-19:0:58:-6:-10:69:91:0:123:::
31	4	0.005780346820809248	TGTGTGAGAGGCACAGTGAGGGGAGGTCAGTGTGAGCCCAGACACAAACCTCCTGCAGGGGCATCTGGAGCCACAAGGGGGCGCTCAGGATACACAGA	CCCCCCCCCCCCCCCCCCCCCCCCCCCCCCCCCCCCCCCCCCCCCCCCCCCCCCCCCCCCCCCCCCCCCCCCCCCCCCCCCCCCCCCCCCCCCCCCCC	IGHV3-52*00(401.3)	IGHD1-26*00(31),IGHD2-15*00(30),IGHD3-10*00(30)	IGHJ2P*00(41)		285|297|316|0|12||60.0	25|34|60|28|37|SG29T|31.0;31|37|93|86|92||30.0;46|52|93|19|25||30.0	37|43|78|92|98|ST40ASG42A|2.0												TGTGTGAGAGGCACAGTGAGGGGAGGTCAGTGTGAGCCCAGACACAAACCTCCTGCAGGGGCATCTGGAGCCACAAGGGGGCGCTCAGGATACACAGA	34								CVRGTVRGGQCEPRHK_SCRGIWSHKGALRIHR		:::::::::0:1:12:28:-5:-6:37:92:-17:98:::
32	4	0.005780346820809248	TGTGCGAAAGACACAGTGAGGGGAAGTCATTGTGAGCCCAGACACAAACCTCCCTGCAGGAACGATGGGGGGGAAATCAGCGGCAGGGGGCGCTCAGG	CCCCCCCCCCCCCCCCCCCCCCCCCCCCCCCCCCCCCCCCCCCCCCCCCCCCCCCCCCCCCCCCCCCCCCCCCCCCCCCCCCCCCCCCCCCCCCCCCC	IGHV3-23*00(621.3),IGHV3-53*00(565.3)	IGHD1-1*00(35),IGHD1-20*00(35),IGHD5-24*00(34)	IGHJ1P*00(44.8)		285|296|316|0|11||55.0;282|293|313|0|11|SG289A|41.0	26|33|51|58|65||35.0;26|33|51|58|65||35.0;0|12|60|25|38|SA2CI8G|34.0	26|41|72|82|98|ST28ASC35GI37TST38A|21.0												TGTGCGAAAGACACAGTGAGGGGAAGTCATTGTGAGCCCAGACACAAACCTCCCTGCAGGAACGATGGGGGGGAAATCAGCGGCAGGGGGCGCTCAGG	34								CAKDTVRGSHCEPRHK_SLQERWGGNQRQGALR		:::::::::0:0:11:58:-9:-1:65:82:-6:98:::
33	4	0.005780346820809248	GAGAGACATGGTGAGGGGAAATCAGTATGAGCCCAGCCAGAAACCTCCCTGCAGGAACCCTGGGGTGGGGGGAAATCAGCTGCAGGGGGCACTCAGG	CCCCCCCCCCCCCCCCCCCCCCCCCCCCCCCCCCCCCCCCCCCCCCCCCCCCCCCCCCCCCCCCCCCCCCCCCCCCCCCCCCCCCCCCCCCCCCCCC	IGHV3-37*00(450)	IGHD6-19*00(35),IGHD3-10*00(32),IGHD2-8*00(30)	IGHJ1P*00(46.5)		288|294|314|0|6||30.0	3|10|63|32|39||35.0;39|51|93|7|19|ST44GSC45A|32.0;45|51|93|7|13||30.0	22|41|72|77|97|SG24CST28ASC35AI37TST38A|27.0												GAGAGACATGGTGAGGGGAAATCAGTATGAGCCCAGCCAGAAACCTCCCTGCAGGAACCCTGGGGTGGGGGGAAATCAGCTGCAGGGGGCACTCAGG	34								ERHGEGKSV*AQPETS_CRNPGVGGNQLQGALR		:::::::::0:0:6:32:18:-32:39:77:-2:97:::
34	4	0.005780346820809248	TGTGTGAGAAACACTGTGAGAGGTCGGAAGTGTGAGCCCAGACACAAACCTCCTGCAGGAACGTTGGGGGAAATCAGCTGCAGGGGGCGCTCAGG	CCCCCCCCCCCCCCCCCCCCCCCCCCCCCCCCCCCCCCCCCCCCCCCCCCCCCCCCCCCCCCCCCCCCCCCCCCCCCCCCCCCCCCCCCCCCCCC	IGHV3-35*00(591.3)	IGHD3-16*00(43)	IGHJ1P*00(42.8)		285|296|316|0|11||55.0	48|60|111|60|71|DT51|43.0	22|41|72|75|95|SG24CST28ASC35GI37TST38A|27.0												TGTGTGAGAAACACTGTGAGAGGTCGGAAGTGTGAGCCCAGACACAAACCTCCTGCAGGAACGTTGGGGGAAATCAGCTGCAGGGGGCGCTCAGG	34								CVRNTVRGRKCEPRHK_SCRNVGGNQLQGALR		:::::::::0:0:11:60:-11:-14:71:75:-2:95:::
35	4	0.005780346820809248	TGTGCAAGAGAAGCACATGAGGAAAGGCCGGTGTGAGACACAAACCTCCAGGAACACCTGGGCTAATGAGCTGCAGGGGGCGCTCAGG	CCCCCCCCCCCCCCCCCCCCCCCCCCCCCCCCCCCCCCCCCCCCCCCCCCCCCCCCCCCCCCCCCCCCCCCCCCCCCCCCCCCCCCCC	IGHV3-74*00(153.8)	IGHD2-8*00(30),IGHD1-14*00(29),IGHD1-1*00(27)	IGHJ1P*00(43.3)		285|296|316|0|11||55.0	42|48|93|62|68||30.0;26|38|51|50|61|DC30SG34C|29.0;17|28|51|50|61|ST19ASA23C|27.0	22|41|72|68|88|SG24CST28ASC35GI37TST38A|27.0												TGTGCAAGAGAAGCACATGAGGAAAGGCCGGTGTGAGACACAAACCTCCAGGAACACCTGGGCTAATGAGCTGCAGGGGGCGCTCAGG	34								CAREAHEERPV*DTN_SRNTWANELQGALR		:::::::::0:0:11:62:-11:-14:68:68:-2:88:::
36	4	0.005780346820809248	TGTGTGAGAAATCCTGTGAGGGGACACAAGTGCGAGCCCAGACACAAACCTCCTGCAGGAACACTGG	CCCCCCCCCCCCCCCCCCCCCCCCCCCCCCCCCCCCCCCCCCCCCCCCCCCCCCCCCCCCCCCCCCC	IGHV3-16*00(554)	IGHD1-26*00(31)	IGHJ2P*00(41)		285|297|316|0|12||60.0	25|34|60|28|37|SG29C|31.0	33|43|78|57|67|SG36A|36.0												TGTGTGAGAAATCCTGTGAGGGGACACAAGTGCGAGCCCAGACACAAACCTCCTGCAGGAACACTGG	34								CVRNPVRGHKC_SPDTNLLQEHW		:::::::::0:1:12:28:-5:-6:37:57:-13:67:::
37	4	0.005780346820809248	TGTGTGAGAAATCCTGTGAGGAGACACAAGTGTGAGCCCAGACACAAACCTCCTACAGGAACGTTGG	CCCCCCCCCCCCCCCCCCCCCCCCCCCCCCCCCCCCCCCCCCCCCCCCCCCCCCCCCCCCCCCCCCC	IGHV3-16*00(520.5)	IGHD1-26*00(31)	IGHJ6*00(45.3)		285|297|316|0|12||60.0	25|34|60|28|37|SG29T|31.0	33|52|83|49|67|SA35CST41GSG43ADC48|36.0												TGTGTGAGAAATCCTGTGAGGAGACACAAGTGTGAGCCCAGACACAAACCTCCTACAGGAACGTTGG	34								CVRNPVRRHKC_SPDTNLLQERW		:::::::::0:1:12:28:-5:-6:37:49:-13:67:::
38	4	0.005780346820809248	TGCTGCTCATATGCAGGTAGTAGCACTTTCCACAGTGGTCCAAGTTCATGG	CCCCCCCCCCCCCCCCCCCCCCCCCCCCCCCCCCCCCCCCCCCCCCCCCCC	IGLV2-23*00(988.5)		IGLJ1*00(51.5)		267|304|317|0|37|SG297CSA299C|157.0		30|30|58|51|51||0.0												TGCTGCTCATATGCAGGTAGTAGCACTTTCCACAGTGGTCCAAGTTCATGG	34								CCSYAGSSTFHSGPSSW		:::::::::0:7:37:::::51:-10:51:::
39	4	0.005780346820809248	TGCAGCTCATATACAAGCAGCAGCACTCTCCACAGTGGTCCAAGTTCCTGG	CCCCCCCCCCCCCCCCCCCCCCCCCCCCCCCCCCCCCCCCCCCCCCCCCCC	IGLV2-14*00(726)		IGLJ1*00(54.5)		267|304|317|0|37|SG297CSG299C|157.0		30|30|58|51|51||0.0												TGCAGCTCATATACAAGCAGCAGCACTCTCCACAGTGGTCCAAGTTCCTGG	34								CSSYTSSSTLHSGPSSW		:::::::::0:7:37:::::51:-10:51:::
40	4	0.005780346820809248	TGTATGATTTGGCACAGCAGCGCTTCTCACAGTGACACACACAGATGG	CCCCCCCCCCCCCCCCCCCCCCCCCCCCCCCCCCCCCCCCCCCCCCCC	IGLV5-45*00(686.3)		IGLJ1*00(41)		285|312|332|0|27||135.0		30|30|58|48|48||0.0												TGTATGATTTGGCACAGCAGCGCTTCTCACAGTGACACACACAGATGG	34								CMIWHSSASHSDTHRW		:::::::::0:0:27:::::48:-10:48:::
41	4	0.005780346820809248	TGTGAGACCTGGGACAGTAACACTCACACAGTGATACAGGCAGATGA	CCCCCCCCCCCCCCCCCCCCCCCCCCCCCCCCCCCCCCCCCCCCCCC	IGLV4-60*00(683.8)		IGLJ1*00(41)		273|299|319|0|26||130.0		30|30|58|47|47||0.0												TGTGAGACCTGGGACAGTAACACTCACACAGTGATACAGGCAGATGA	34								CETWDSNT_HSDTGR*		:::::::::0:0:26:::::47:-10:47:::
42	4	0.005780346820809248	TGTCAGCAGTATGGTAGCTCACCGACATGTACACTTTT	CCCCCCCCCCCCCCCCCCCCCCCCCCCCCCCCCCCCCC	IGKV3-20*00(988)		IGKJ2*00(85)		264|287|308|0|23||115.0		17|31|59|24|38||70.0												TGTCAGCAGTATGGTAGCTCACCGACATGTACACTTTT	34								CQQYGS_TDMYTF		:::::::::0:-1:23:::::24:3:38:::
43	4	0.005780346820809248	TGTCAGCAGTATGGTAGCTCACACGTCACTTTC	CCCCCCCCCCCCCCCCCCCCCCCCCCCCCCCCC	IGKV3-20*00(640)		IGKJ4*00(88)		264|286|308|0|22||110.0		22|30|58|25|33||40.0												TGTCAGCAGTATGGTAGCTCACACGTCACTTTC	34								CQQYGSSHVTF		:::::::::0:-2:22:::::25:-2:33:::
44	4	0.005780346820809248	TGCTGCTCATATACAAGCAGGGGAGTGTTC	CCCCCCCCCCCCCCCCCCCCCCCCCCCCCC	IGLV2-5*00(195)		IGLJ3*00(170),IGLJ2*00(156)		267|287|318|0|20||100.0		24|30|58|24|30||30.0;24|30|58|24|30|SA26G|16.0												TGCTGCTCATATACAAGCAGGGGAGTGTTC	34								CCSYTSRGVF		:::::::::0:-11:20:::::24:-4:30:::
45	3	0.004335260115606936	TGTCAACAGAGTGACAGTACCCCTCCCACAGTGTTACAAGTCATAACATAAACCCCAAGGAAGCAGATGCGTGAGGCTGGGCTGCCCCAATGCTCCTTCTGGTGCCTCTCTCTGCTGAGGGAAGTTCTCAAACTCAGTCAGGTTTGGAAAGTCATAGGGAGATTTTCCTAGAGGA	CCCCCCCCCCCCCCCCCCCCCCCCCCCCCCCCCCCCCCCCCCCCCCCCCCCCCCCCCCCCCCCCCCCCCCCCCCCCCCCCCCCCCCCCCCCCCCCCCCCCCCCCCCCCCCCCCCCCCCCCCCCCCCCCCCCCCCCCCCCCCCCCCCCCCCCCCCCCCCCCCCCCCCCCCCCCCCC	IGKV1-13*00(369),IGKV1-27*00(365.5),IGKV1-16*00(355),IGKV1-12*00(346)		IGKJ2*00(40)		261|270|305|0|9||45.0;261|285|305|0|24|SA267CST270ASA271GSA273GSG279A|50.0;261|270|305|0|9|SC263T|31.0;261|285|305|0|24|SG270ASC271GSA273GST279AST280C|50.0		31|31|59|175|175||0.0												TGTCAACAGAGTGACAGTACCCCTCCCACAGTGTTACAAGTCATAACATAAACCCCAAGGAAGCAGATGCGTGAGGCTGGGCTGCCCCAATGCTCCTTCTGGTGCCTCTCTCTGCTGAGGGAAGTTCTCAAACTCAGTCAGGTTTGGAAAGTCATAGGGAGATTTTCCTAGAGGA	34								CQQSDSTPPTVLQVIT*TPRKQMREAGLP_NAPSGASLC*GKFSNSVRFGKS*GDFPRG		:::::::::0:-15:9:::::175:-11:175:::
46	3	0.004335260115606936	TGTGCGAGAGACACAGTGAGGGGAAGTCAGTGTGAGCCCAGACACAAACCTCCCTGCAGGGGTCCCTTGGGACCACCAGGGGGCGCCCGGGACACTGAGCACGGGGCTGTCTCCAGGGCAGGTGCAGGTGCTGCTGAGGGCTGGCTTCCTGTCGCGGTCTGG	CCCCCCCCCCCCCCCCCCCCCCCCCCCCCCCCCCCCCCCCCCCCCCCCCCCCCCCCCCCCCCCCCCCCCCCCCCCCCCCCCCCCCCCCCCCCCCCCCCCCCCCCCCCCCCCCCCCCCCCCCCCCCCCCCCCCCCCCCCCCCCCCCCCCCCCCCCCCCCCCCC	IGHV3-11*00(327.3),IGHV3-21*00(308.7),IGHV3-7*00(308.7),IGHV3-48*00(290)	IGHD6-13*00(41),IGHD5-18*00(36),IGHD5-5*00(36)	IGHJ6*00(40)		285|296|316|0|11||55.0;285|296|316|0|11||55.0;285|296|316|0|11||55.0;285|296|316|0|11||55.0	4|15|63|124|135|SC7G|41.0;9|19|60|105|115|SA14C|36.0;9|19|60|105|115|SA14C|36.0	46|52|83|156|162||30.0												TGTGCGAGAGACACAGTGAGGGGAAGTCAGTGTGAGCCCAGACACAAACCTCCCTGCAGGGGTCCCTTGGGACCACCAGGGGGCGCCCGGGACACTGAGCACGGGGCTGTCTCCAGGGCAGGTGCAGGTGCTGCTGAGGGCTGGCTTCCTGTCGCGGTCTGG	34								CARDTVRGSQCEPRHKPPCRGPLGPPGGARDTEHGAVSRAGAGAAEGWLPVAVW		:::::::::0:0:11:124:17:-27:135:156:-26:162:::
47	3	0.004335260115606936	TGTGCGAGAGACACAGTGAGGGGAAGTCAGTGTGAGCCCAGACACAAACCTCCCTGCAGGGGTCCCTTGGGACCACCAGGGGGCGCCCGGGACACTGAGCACGGGGCTGTCTCCAGGGCAGGTGCAGGTGCTGCTGAGGGCTGGCTTCCTGTAGCGGTCTGG	CCCCCCCC;CCCCCCCCCCCCCCCCCCCCCCCCCCCCCCCCCCCCCCCCCCCCCCCCCCCCCCCCCCCCCCCCCCCCCCCCCCCCCCCCCCCCCCCCCCCCCCCCCCCCCCCCCCCCCCCCCCCCCCCCCCCCCCCCCCCCCCCCCCCCCCCCCCCCCCCCC	IGHV3-11*00(490),IGHV3-21*00(462),IGHV3-7*00(462),IGHV3-65*00(427)	IGHD6-13*00(41),IGHD5-18*00(36),IGHD5-5*00(36)	IGHJ6*00(40)		285|296|316|0|11||55.0;285|296|316|0|11||55.0;285|296|316|0|11||55.0;292|342|362|0|50|SA293GSA295GSC297GSG316A|194.0	4|15|63|124|135|SC7G|41.0;9|19|60|105|115|SA14C|36.0;9|19|60|105|115|SA14C|36.0	46|52|83|156|162||30.0												TGTGCGAGAGACACAGTGAGGGGAAGTCAGTGTGAGCCCAGACACAAACCTCCCTGCAGGGGTCCCTTGGGACCACCAGGGGGCGCCCGGGACACTGAGCACGGGGCTGTCTCCAGGGCAGGTGCAGGTGCTGCTGAGGGCTGGCTTCCTGTAGCGGTCTGG	26								CARDTVRGSQCEPRHKPPCRGPLGPPGGARDTEHGAVSRAGAGAAEGWLPVAVW		:::::::::0:0:11:124:17:-27:135:156:-26:162:::
48	3	0.004335260115606936	TGTACTAGAGACACAGTGAGGGGAAGTCAATGTGAGCCCAGACAAAAACCTCGCTGCAGGGGCATCTGAGACCACGAGGGGGTGTCCTGGGCCCTATGAACTGGGCTGCTCTCCGTGGCAGGGGCTGGTGGTGCTAAAGGCTGATTTTCTCTCAGCATCTGG	CCCCCCCCCCCCCCCCCCCCCCCCCCCCCCCCCCCCCCCCCCCCCCCCCCCCCCCCCCCCCCCCCCCCCCCCCCCCCCCCCCCCCCCCCCCCCCCCCCCCCCCCCCCCCCCCCCCCCCCCCCCCCCCCCCCCCCCCCCCCCCCCCCCCCCCCCCCCCCCCCC	IGHV3-74*00(326),IGHV3-30*00(325.7),IGHV3-33*00(311.7),IGHV3-66*00(311.7)	IGHD6-19*00(46),IGHD2-15*00(43),IGHD2-21*00(40)	IGHJ1*00(48)		285|296|316|0|11|SG288ASA290T|27.0;285|296|316|0|11|SG288ASG290T|27.0;285|296|316|0|11|SG288ASG290T|27.0;282|293|313|0|11|SG285ASG287T|27.0	28|40|63|117|129|ST32G|46.0;51|63|93|104|115|DA57|43.0;37|45|84|125|133||40.0	32|41|72|152|162|I37T|33.0												TGTACTAGAGACACAGTGAGGGGAAGTCAATGTGAGCCCAGACAAAAACCTCGCTGCAGGGGCATCTGAGACCACGAGGGGGTGTCCTGGGCCCTATGAACTGGGCTGCTCTCCGTGGCAGGGGCTGGTGGTGCTAAAGGCTGATTTTCTCTCAGCATCTGG	34								CTRDTVRGSQCEPRQKPRCRGI*DHEGVSWAL*TGLLSVAGAGGAKG*FSLSIW		:::::::::0:0:11:117:-7:-2:129:152:-12:162:::
49	3	0.004335260115606936	TGTGTGAGAAACACTGTGAGAGGTCGGAAGTGTGAGCCCAGACACAAACCTCCTGCAGGAACGTTGGGGGAAATCAGCTGCAGGGGGCGCTCAGGACCCACTCATCAGAGTCAACCCCAGAGCAGGTGCACATGGAGGCTGG	CCCCCCCCCCCCCCCCCCCCCCCCCCCCCCCCCCCCCCCCCCCCCCCCCCCCCCCCCCCCCCCCCCCCCCCCCCCCCCCCCCCCCCCCCCCCCCCCCCCCCCCCCCCCCCCCCCCCCCCCCCCCCCCCCCCCCCCCCCCCCC	IGHV3-35*00(612)	IGHD3-16*00(43)	IGHJ6*00(42.7)		285|296|316|0|11||55.0	48|60|111|60|71|DT51|43.0	38|52|83|129|142|SC45GDT47|39.0												TGTGTGAGAAACACTGTGAGAGGTCGGAAGTGTGAGCCCAGACACAAACCTCCTGCAGGAACGTTGGGGGAAATCAGCTGCAGGGGGCGCTCAGGACCCACTCATCAGAGTCAACCCCAGAGCAGGTGCACATGGAGGCTGG	34								CVRNTVRGRKCEPRHKPPAGTLGE_SAAGGAQDPLIRVNPRAGAHGGW		:::::::::0:0:11:60:-11:-14:71:129:-18:142:::
50	3	0.004335260115606936	TGTGTGAGAAATCCTGTGAGGAGACACAAGTGTGAGCCCAGACACAAACCTCCTACAGGAACGTTGGGGGAAATCACTGCAGGGGACGCTCAGGACCCATTCATCAGAGTCAACCCCAGAGCAGGTTCACATGGAGGCTGG	CCCCCCCCCCCCCCCCCCCCCCCCCCCCCCCCCCCCCCCCCCCCCCCCCCCCCCCCCCCCCCCCCCCCCCCCCCCCCCCCCCCCCCCCCCCCCCCCCCCCCCCCCCCCCCCCCCCCCCCCCCCCCCCCCCCCCCCCCCCCC	IGHV3-16*00(557.3)	IGHD3-16*00(43)	IGHJ6*00(44)		285|297|316|0|12||60.0	48|60|111|60|71|DT51|43.0	38|52|83|128|141|SC45GDT47|39.0												TGTGTGAGAAATCCTGTGAGGAGACACAAGTGTGAGCCCAGACACAAACCTCCTACAGGAACGTTGGGGGAAATCACTGCAGGGGACGCTCAGGACCCATTCATCAGAGTCAACCCCAGAGCAGGTTCACATGGAGGCTGG	34								CVRNPVRRHKCEPRHKPPTGTLGEITAGDAQDPFIRVNPRAGSHGGW		:::::::::0:1:12:60:-11:-14:71:128:-18:141:::
51	3	0.004335260115606936	AGCGGTCACAGAGCTCAGCTTCAGGGAGAACTGGTTCTTGGACGTGTCTACTGATATGGTGACTCGACTCTTGAGGGAGGGGTTGTAGTTGGTGCTCCCACTGTAATAGATATACCCAATCCACTCCAGTCCCTTCCCTGG	CCCCCCCCCCCCCCCCCCCCCCCCCCCCCCCCCCCCCCCCCCCCCCCCCCCCCCCCCCCCCCCCCCCCCCCCCCCCCCCCCCCCCCCCCCCCCCCCCCCCCCCCCCCCCCCCCCCCCCCCCCCCCCCCCCCCCCCCCCCCC	IGHV4-80*00(114)	IGHD1-26*00(46),IGHD2-15*00(43),IGHD5-18*00(40)	IGHJ5*00(40)		260|281|281|0|20|DT261|88.0	6|18|60|93|105|SA15G|46.0;37|48|93|82|94|I43T|43.0;18|40|60|41|63|SG23TSA24CSA28TSC30AST37G|40.0	34|40|71|135|141||30.0												AGCGGTCACAGAGCTCAGCTTCAGGGAGAACTGGTTCTTGGACGTGTCTACTGATATGGTGACTCGACTCTTGAGGGAGGGGTTGTAGTTGGTGCTCCCACTGTAATAGATATACCCAATCCACTCCAGTCCCTTCCCTGG	34								SGHRAQLQGELVLGRVY*YGDSTLEGGVVVGAPTVIDIPNPLQSLPW		:::::::::0:20:20:93:14:-22:105:135:-14:141:::
52	3	0.004335260115606936	TGTGCATAGCCTGTCTTACCATTGCCAGAGTAGATCCCTCCCATCCTTTCAAACCCTTATCCAGGGGCCTGTCGCACACAGTGAATATCGTAGCTGGTGAAGGTGTATCCAGAGCTTTGCGGTACACCTTC	CCCCCCCCCCCCCCCCCCCCCCCCCCCCCCCCCCCCCCCCCCCCCCCCCCCCCCCCCCCCCCCCCCCCCCCCCCCCCCCCCCCCCCCCCCCCCCCCCCCCCCCCCCCCCCCCCCC;CCCCCCCCCCCCCCC	TRBV3-1*00(77),TRBV3-2*00(77)	TRBD2*00(35),TRBD1*00(30)	TRBJ1-2*00(45)		270|275|307|0|5||25.0;270|275|307|0|5||25.0	0|7|48|35|42||35.0;4|10|36|9|15||30.0	31|40|68|122|131||45.0												TGTGCATAGCCTGTCTTACCATTGCCAGAGTAGATCCCTCCCATCCTTTCAAACCCTTATCCAGGGGCCTGTCGCACACAGTGAATATCGTAGCTGGTGAAGGTGTATCCAGAGCTTTGCGGTACACCTTC	26								CA*PVLPLPE*IPPILSNPYPG_LSHTVNIVAGEGVSRALRYTF		:::::::::0:-12:5:35:16:-25:42:122:-11:131:::
53	3	0.004335260115606936	GTGTGAAAGATGCAGTGAGAAGTCAGTGTGAGCCCAGACACAAACCTACCTGCAGGGTACCTGGGACAACCAGGGAAAGCCTGGGACACTATATACTGG	CCCCCCCCCCCCCCCCCCCCCCCCCCCCCCCCCCCCCCCCCCCCCCCCCCCCCCCCCCCCCCCCCCCCCCCCCCCCCCCCCCCCCCCCCCCCCCCCCCC	IGHV3-62*00(361),IGHV3-60*00(347)	IGHD1-1*00(39),IGHD1-26*00(35),IGHD5-12*00(35)	IGHJ4*00(40)		285|297|316|0|11|DT285|43.0;286|298|317|0|11|DT286|43.0	12|25|51|56|70|I17TST19G|39.0;11|18|60|86|93||35.0;11|18|69|86|93||35.0	31|37|68|93|99||30.0												GTGTGAAAGATGCAGTGAGAAGTCAGTGTGAGCCCAGACACAAACCTACCTGCAGGGTACCTGGGACAACCAGGGAAAGCCTGGGACACTATATACTGG	34								V*KMQ*EVSVSPDTNLPAGYLGQPGKAWDTIYW		:::::::::0:1:11:56:5:-9:70:93:-11:99:::
54	3	0.004335260115606936	TGCTTAGCATGGGATACCAGCCTGAGAGCTTGCACAGTGCTCCAGGCCAATGGGGAACTGAGACAAGAACCCTCTTCCTCCTCCTGGC	CCCCCCCCCCCCCCCCCCCCCCCCCCCCCCCCCCCCCCCCCCCCCCCCCCCCCCCCCCCCCCCCCCCCCCCCCCCCCCCCCCCCCCCC	IGLV1-41*00(548)		IGLJ7*00(45)		264|309|316|0|47|I298CSC300TST301GI304C|173.0		29|30|58|87|88||5.0												TGCTTAGCATGGGATACCAGCCTGAGAGCTTGCACAGTGCTCCAGGCCAATGGGGAACTGAGACAAGAACCCTCTTCCTCCTCCTGGC	34								CLAWDTSLRACTVLQ_PMGN*DKNPLPPPG		:::::::::0:13:47:::::87:-9:88:::
55	3	0.004335260115606936	TGTATGTGAGGCACCAGGTAAGAAGACATCAGTGTGAACACAGACACAGAGGTTCCTGTAATGATAAGGGAGGAGGCTGG	CCCCCCCCCCCCCCCCCCCCCCCCCCCCCCCCCCCCCCCCCCCCCCCCCCCCCCCCCCCCCCCCCCCCCCCCCCCCCCCC	IGHV3-79*00(665),IGHV3-33-2*00(611.3)	IGHD3-16*00(36),IGHD1-14*00(32),IGHD4-4*00(31)	IGHJ6*00(44)		283|303|323|0|20||100.0;285|298|318|0|13||65.0	24|34|111|57|67|SC29G|36.0;2|14|51|50|62|SG8TST11A|32.0;3|12|48|51|60|SA6C|31.0	48|52|83|76|80||20.0												TGTATGTGAGGCACCAGGTAAGAAGACATCAGTGTGAACACAGACACAGAGGTTCCTGTAATGATAAGGGAGGAGGCTGG	34								CM*GTR*EDISVN_RHRGSCNDKGGGW		:::::::::0:0:20:57:13:-40:67:76:-28:80:::
56	3	0.004335260115606936	TGCTGCTCATATGCAGGCAGCTACACTTTCCACAGTGGTCCAAGTTCCTGG	CCCCCCCCCCCCCCCCCCCCCCCCCCCCCCCCCCCCCCCCCCCCCCCCCCC	IGLV2-11*00(775.3),IGLV2-8*00(698.3)		IGLJ1*00(56)		267|304|317|0|37|SG297CSA299C|157.0;267|297|317|0|30|SA270TSA288TSA292C|108.0		30|30|58|51|51||0.0												TGCTGCTCATATGCAGGCAGCTACACTTTCCACAGTGGTCCAAGTTCCTGG	34								CCSYAGSYTFHSGPSSW		:::::::::0:7:37:::::51:-10:51:::
57	3	0.004335260115606936	TGCAGCTTATATTCAAGTAGTTACACTTTCCATAGTGGTCCAAGTTCCTAG	CCCCCCCCCCCCCCCCCCCCCCCCCCCCCCCCCCCCCCCCCCCCCCCCCCC	IGLV2-33*00(682.3)		IGLJ1*00(56)		267|304|317|0|37|SG297CSA299T|157.0		30|30|58|51|51||0.0												TGCAGCTTATATTCAAGTAGTTACACTTTCCATAGTGGTCCAAGTTCCTAG	34								CSLYSSSYTFHSGPSS*		:::::::::0:7:37:::::51:-10:51:::
58	3	0.004335260115606936	TGTGCACGGATTCATGACCGCCGAACCTCTGACTACTGG	CCCCCCCCCCCCCCCCCCCCCCCCCCCCCCCCCCCCCCC	IGHV2-26*00(220.7),IGHV2-5*00(200.7),IGHV2-70*00(192.7)	IGHD4-11*00(35),IGHD4-17*00(35),IGHD4-4*00(35)	IGHJ4*00(206)		288|299|321|0|11||55.0;288|295|321|0|7||35.0;288|299|321|0|11||55.0	13|20|48|11|18||35.0;13|20|48|11|18||35.0;13|20|48|11|18||35.0	24|37|68|26|39|ST26C|51.0												TGTGCACGGATTCATGACCGCCGAACCTCTGACTACTGG	34								CARIHDRRTSDYW		:::::::::0:-2:11:11:3:-12:18:26:-4:39:::
59	3	0.004335260115606936	TGTGCAGCATGGGATGACAGCCTGAGTGGTCGAGTGTTC	CCCCCCCCCCCCCCCCCCCCCCCCCCCCCCCCCCCCCCC	IGLV1-47*00(280),IGLV1-36*00(252),IGLV1-44*00(252)		IGLJ3*00(170),IGLJ2*00(156)		264|295|316|0|31||155.0;264|295|316|0|31|SA289G|141.0;264|295|316|0|31|SA289G|141.0		24|30|58|33|39||30.0;24|30|58|33|39|SA26G|16.0												TGTGCAGCATGGGATGACAGCCTGAGTGGTCGAGTGTTC	34								CAAWDDSLSGRVF		:::::::::0:-1:31:::::33:-4:39:::
60	3	0.004335260115606936	TGCAGCTCATATACAAGCAGCAGCACCCCCTGGGTGTTC	CCCCCCCCCCCCCCCCCCCCCCCCCCCCCCCCCCCCCCC	IGLV2-14*00(501),IGLV2-18*00(473),IGLV2-34*00(448),IGLV2-8*00(440)		IGLJ3*00(185)		267|293|317|0|26||130.0;267|293|317|0|26|ST274C|116.0;267|288|317|0|21|SG279ASG282A|77.0;267|292|317|0|25|SG279ASG282ASA289G|83.0		21|30|58|30|39||45.0												TGCAGCTCATATACAAGCAGCAGCACCCCCTGGGTGTTC	34								CSSYTSSSTPWVF		:::::::::0:-4:26:::::30:-1:39:::
61	3	0.004335260115606936	TGTCAGCAATATTATAGTAATACCCCCCACTCTTTC	CCCCCCCCCCCCCCCCCCCCCCCCCCCCCCCCCCCC	IGKV4-1*00(140)		IGKJ4*00(165)		279|298|323|0|19||95.0		25|30|58|31|36||25.0												TGTCAGCAATATTATAGTAATACCCCCCACTCTTTC	34								CQQYYSNTPHSF		:::::::::0:-5:19:::::31:-5:36:::
62	3	0.004335260115606936	TGCATGCAAGCTCTACAAACTCCTCGGACGTTC	CCCCCCCCCCCCCCCCCCCCCCCCCCCCCCCCC	IGKV2-28*00(402)		IGKJ1*00(160)		276|307|320|0|32|SA300CI304C|129.0		22|30|58|25|33||40.0												TGCATGCAAGCTCTACAAACTCCTCGGACGTTC	34								CMQALQTPRTF		:::::::::0:7:32:::::25:-2:33:::
63	2	0.002890173410404624	TGTGTGAGAAACACTGTGAGAGGTCGGAAGTGTGAGCCCAGACACAAACCTCCTGCAGGAACGTTGGGGGAAATCAGCTGCAGGGGGCGCTCAGGACCCACTCATCAGAGTCAACCACAGAGCAGGTGCACATGGAGGCTGG	CCCCCCCCCCCCCCCCCCCCCCCCCCCCCCCCCCCCCCCCCCCCCCCCCCCCCCCCCCCCCCCCCCCCCCCCCCCCCCCCCCCCCCCCCCCCCCCCCCCCCCCCCCCCCCCCCCCCCCCCCCCCCCCCCCCCCCCCCCCCCC	IGHV3-35*00(465)	IGHD3-16*00(43)	IGHJ6*00(49)		285|296|316|0|11||55.0	48|60|111|60|71|DT51|43.0	38|52|83|129|142|SC45GDT47|39.0												TGTGTGAGAAACACTGTGAGAGGTCGGAAGTGTGAGCCCAGACACAAACCTCCTGCAGGAACGTTGGGGGAAATCAGCTGCAGGGGGCGCTCAGGACCCACTCATCAGAGTCAACCACAGAGCAGGTGCACATGGAGGCTGG	34								CVRNTVRGRKCEPRHKPPAGTLGE_SAAGGAQDPLIRVNHRAGAHGGW		:::::::::0:0:11:60:-11:-14:71:129:-18:142:::
64	2	0.002890173410404624	GGCGGTCACAGAGCTCAGCTTCAGGGAGAACTGGTTCTTGGACGTGTCTACTGATATGGTGACTCGACTCTTGAGGGACGGGTTGTAGTTGGTGCTTCCACTATGATTGATTTCCCCAATCCACTCCAGCCCCTTCCCTGG	CCCCCCCCCCCCCCCCCCCCCCCCCCCCCCCCCCCCCCCCCCCCCCCCCCCCCCCCCCCCCCCCCCCCCCCCCCCCCCCCCCCCCCCCCCCCCCCCCCCCCCCCCCCCCCCCCCCCCCCCCCCCCCCCCCCCCCCCCCCCC	IGHV4-80*00(100)	IGHD2-15*00(43),IGHD1-26*00(41),IGHD5-18*00(40)	IGHJ5*00(40)		260|281|281|0|20|DA260ST261G|74.0	37|48|93|82|94|I43T|43.0;6|17|60|93|104|SC9T|41.0;18|40|60|41|63|SG23TSA24CSA28TSC30AST37G|40.0	34|40|71|135|141||30.0												GGCGGTCACAGAGCTCAGCTTCAGGGAGAACTGGTTCTTGGACGTGTCTACTGATATGGTGACTCGACTCTTGAGGGACGGGTTGTAGTTGGTGCTTCCACTATGATTGATTTCCCCAATCCACTCCAGCCCCTTCCCTGG	34								GGHRAQLQGELVLGRVY*YGDSTLEGRVVVGASTMIDFPNPLQPLPW		:::::::::0:20:20:82:-6:-14:94:135:-14:141:::
65	2	0.002890173410404624	TGCCAATTCTACAAAAACAGCCTGAGTGCTTTCACAGTGCTCCGGGTTGAAGTAAGTCAGACCAAAACACACAGTGTGCCCAGCCATGAAGCTCTCCCATGCACCCCCTACTCTGCAGCTAAGTCAATGTGTTC	CCCCCCCCCCCCCCCCCCCCCCCCCCCCCCCCCCCCCCCCCCCCCCCCCCCCCCCCCCCCCCCCCCCCCCCCCCCCCCCCCCCCCCCCCCCCCCCCCCCCCCCCCCCCCCCCCCCCCCCCCCCCCCCCCCCCCC	IGLVI-63*00(488)		IGLJ6*00(45)		264|296|316|0|32||160.0		21|30|58|125|134||45.0												TGCCAATTCTACAAAAACAGCCTGAGTGCTTTCACAGTGCTCCGGGTTGAAGTAAGTCAGACCAAAACACACAGTGTGCCCAGCCATGAAGCTCTCCCATGCACCCCCTACTCTGCAGCTAAGTCAATGTGTTC	34								CQFYKNSLSAFTVLRVEVSQTK_TQCAQP*SSPMHPLLCS*VNVF		:::::::::0:0:32:::::125:-1:134:::
66	2	0.002890173410404624	TGCAAATTCTACAAAAACAGCCTGAGTGCTTTCACAGTGCTCCGGGTTGAAGTAAGTCAGACCAAAACACACAGTGTGCCCAGCCATGAAGCTCTCCCATGCACCCCCTACTCTGCAGCTAAGTCAATGTGTTC	CCCCCCCCCCCCCCCCCCCCCCCCCCCCCCCCCCCCCCCCCCCCCCCCCCCCCCCCCCCCCCCCCCCCCCCCCCCCCCCCCCCCCCCCCCCC;CCCCCCCCCCCCCCCCCCCCCCCCCCCCCCCCCCCCCCCCC	IGLVI-63*00(533)		IGLJ6*00(45)		264|296|316|0|32|SC267A|146.0		21|30|58|125|134||45.0												TGCAAATTCTACAAAAACAGCCTGAGTGCTTTCACAGTGCTCCGGGTTGAAGTAAGTCAGACCAAAACACACAGTGTGCCCAGCCATGAAGCTCTCCCATGCACCCCCTACTCTGCAGCTAAGTCAATGTGTTC	26								CKFYKNSLSAFTVLRVEVSQTK_TQCAQP*SSPMHPLLCS*VNVF		:::::::::0:0:32:::::125:-1:134:::
67	2	0.002890173410404624	TCTGTGAGAGATACGGTAAGGAGAAGTCAGTGTGAGCCCAGACACAAACCTCCCTTCAGGGTACCTGGGACAACCAGGGAAAGCCTGGGACACTGTGCACTGTGCTGACCCCAGG	CCCCCCCCCCCCCCCCCCCCCCCCCCCCCCCCCCCCCCCCCCCCCCCCCCCCCCCCCCCCCCCCCCCCCCCCCCCCCCCCCCCCCCCCCCCCCCCCCCCCCCCCCCCCCCCCCCC	IGHV3-6*00(585)	IGHD1-1*00(39)	IGHJ5*00(46)		284|296|315|0|12||60.0	12|25|51|60|74|I17TST19G|39.0	31|40|71|106|115|ST37A|31.0												TCTGTGAGAGATACGGTAAGGAGAAGTCAGTGTGAGCCCAGACACAAACCTCCCTTCAGGGTACCTGGGACAACCAGGGAAAGCCTGGGACACTGTGCACTGTGCTGACCCCAGG	34								SVRDTVRRSQCEPRHKPPF_GYLGQPGKAWDTVHCADPR		:::::::::0:1:12:60:5:-9:74:106:-11:115:::
68	2	0.002890173410404624	TGTGTGGTCAGCCACGAGGACTCCCGGACTCTGCTCAACGCCAGCCGGAGCCTAGAAGTCAGCTGTGAGTCACCCCCAGGCCCAGGGTT	CCCCCCCCCCCCCCCCCCCCCCCCCCCCCCCCCCCCCCCCCCCCCCCCCCCCCCCCCCCCCCCCCCCCCCCCCCCCCCCCCCCCCCCCC	TRAV10*00(74)		TRAJ49*00(27.5),TRAJ60*00(25.5)		267|279|300|0|12|SG275C|46.0		43|45|76|87|89||10.0;44|46|77|87|89||10.0												TGTGTGGTCAGCCACGAGGACTCCCGGACTCTGCTCAACGCCAGCCGGAGCCTAGAAGTCAGCTGTGAGTCACCCCCAGGCCCAGGGTT	34								CVVSHEDSRTLLNAS_EPRSQL*VTPRPRV		:::::::::0:-1:12:::::87:-23:89:::
69	2	0.002890173410404624	TGTGTGAAAAACAGAGTGAGGGGAAGTCAGTGAGAGCCCAGGCACAAACCTCCCTGAAGGGGTCCCAGAGACGACTAGGGG	CCCCCCCCCCCCCCCCCCCCCCCCCCCCCCCCCCCCCCCCCCCCCCCCCCCCCCCCCCCCCCCCCCCCCCCCCCCCCCCCC	IGHV3-11*00(655),IGHV3-21*00(655),IGHV3-48*00(641)	IGHD1-26*00(31),IGHD3-10*00(31),IGHD4-4*00(28)	IGHJ4*00(40)		285|292|316|0|7|SC289T|21.0;285|292|316|0|7|SC289T|21.0;285|292|316|0|7|SC289T|21.0	25|34|60|28|37|SG29A|31.0;10|19|93|49|58|SC15T|31.0;11|19|48|24|33|I16G|28.0	28|37|68|72|81|SC33GST34G|17.0												TGTGTGAAAAACAGAGTGAGGGGAAGTCAGTGAGAGCCCAGGCACAAACCTCCCTGAAGGGGTCCCAGAGACGACTAGGGG	34								CVKNRVRGSQ*EPRHKPP*RGPRDD*G		:::::::::0:-4:7:28:-5:-6:37:72:-8:81:::
70	2	0.002890173410404624	TGTGCGAGAACCCAGGCAGGGAGTTATTATAACGATGGGCACCTAATCTGGGTTTTTGACTACTGG	CCCCCCCCCCCCCCCCCCCCCCCCCCCCCCCCCCCCCCCCCCCCCCCCCCCCCCCCCCCCCCCCCC	IGHV5-51*00(425)	IGHD3-10*00(80)	IGHJ4*00(215)		285|294|316|0|9||45.0	47|63|93|18|34||80.0	25|37|68|54|66||60.0												TGTGCGAGAACCCAGGCAGGGAGTTATTATAACGATGGGCACCTAATCTGGGTTTTTGACTACTGG	34								CARTQAGSYYNDGHLIWVFDYW		:::::::::0:-2:9:18:-16:1:34:54:-5:66:::
71	2	0.002890173410404624	GAGAGACATGGTGAGGGGAAATCAGTATGAGCCCAGCCAGAAACCTCCCTGCAGGAACCCTGG	CCCCCCCCCCCCCCCCCCCCCCCCCCCCCCCCCCCCCCCCCCCCCCCCCCCCCCCCCCCCCCC	IGHV3-37*00(422.5)	IGHD6-19*00(35),IGHD3-10*00(32),IGHD2-8*00(30)	IGHJ5*00(41)		288|294|314|0|6||30.0	3|10|63|32|39||35.0;39|51|93|7|19|ST44GSC45A|32.0;45|51|93|7|13||30.0	31|40|71|54|63|SC33A|31.0												GAGAGACATGGTGAGGGGAAATCAGTATGAGCCCAGCCAGAAACCTCCCTGCAGGAACCCTGG	34								ERHGEGKSV*AQPETSLQEPW		:::::::::0:0:6:32:18:-32:39:54:-11:63:::
72	2	0.002890173410404624	TGTGCGAGAGATCCTCGTATAGCAGCAGCTGGAACCGACCGTTACCCGGACTACTGG	CCCCCCCCCCCCCCCCCCCCCCCCCCCCCCCCCCCCCCCCCCCCCCCCCCCCCCCCC	IGHV3-30*00(446),IGHV3-33*00(432),IGHV3-66*00(432),IGHV3-53*00(404),IGHV3-64*00(390)	IGHD6-13*00(76)	IGHJ4*00(49)		285|303|316|0|17|DT298|73.0;285|303|316|0|17|DT298|73.0;282|300|313|0|17|DT295|73.0;282|300|313|0|17|DT295|73.0;285|303|316|0|17|DT298|73.0	24|42|63|17|35|ST39A|76.0	28|37|68|48|57||45.0												TGTGCGAGAGATCCTCGTATAGCAGCAGCTGGAACCGACCGTTACCCGGACTACTGG	34								CARDPRIAAAGTDRYPDYW		:::::::::0:7:17:17:-3:0:35:48:-8:57:::
73	2	0.002890173410404624	TGTGCCAGCAGTTTCGAGTTTCTGGACGGCGTTAGCACAGATACGCAGTATTTT	CCCCCCCCCCCCCCCCCCCCCCCCCCCCCCC;CCCCCCCCCCCCCCCCCCCCCC	TRBV28*00(680)		TRBJ2-3*00(250)		270|284|307|0|14||70.0		19|41|69|32|54||110.0												TGTGCCAGCAGTTTCGAGTTTCTGGACGGCGTTAGCACAGATACGCAGTATTTT	26								CASSFEFLDGVSTDTQYF		:::::::::0:-3:14:::::32:1:54:::
74	2	0.002890173410404624	TGCTTAGCATGGGATACCAGCCCGAGAGCTTGCACAGTGCTCCAGGCCAATGG	CCCCCCCCCCCCCCCCCCCCCCCCCCCCCCCCCCCCCCCCCCCCCCCCCCCCC	IGLV1-41*00(495)		IGLJ1*00(41)		264|309|316|0|47|ST286CI298CSC300TST301GI304C|159.0		30|30|58|53|53||0.0												TGCTTAGCATGGGATACCAGCCCGAGAGCTTGCACAGTGCTCCAGGCCAATGG	34								CLAWDTSPR_LHSAPGQW		:::::::::0:13:47:::::53:-10:53:::
75	2	0.002890173410404624	TGTATGATTTGGCCAAGCAATGCTTCTCACAGTGACACACACAGATGG	CCCCCCCCCCCCCCCCCCCCCCCCCCCCCCCCCCCCCCCCCCCCCCCC	IGLV5-37*00(795)		IGLJ1*00(41)		285|312|332|0|27||135.0		30|30|58|48|48||0.0												TGTATGATTTGGCCAAGCAATGCTTCTCACAGTGACACACACAGATGG	34								CMIWPSNASHSDTHRW		:::::::::0:0:27:::::48:-10:48:::
76	2	0.002890173410404624	TGTATGATCGAGCACAGCAGAGCTTCTCATGCTGACACACACAGGTGG	CCCCCCCCCCCCCCCCCCCCCCCCCCCCCCCCCCCCCCCCCCCCCCCC	IGLVIV-64*00(1207)		IGLJ1*00(41)		280|319|339|0|39||195.0		30|30|58|48|48||0.0												TGTATGATCGAGCACAGCAGAGCTTCTCATGCTGACACACACAGGTGG	34								CMIEHSRASHADTHRW		:::::::::0:0:39:::::48:-10:48:::
77	2	0.002890173410404624	TGTGCAGCATGGGATGACAGCCTGAGTGGCCTGGGTGTTC	CCCCCCCCCCCCCCCCCCCCCCCCCCCCCCCCCCCCCCCC	IGLV1-47*00(700),IGLV1-44*00(658)		IGLJ3*00(185),IGLJ2*00(161)		264|293|316|0|29||145.0;264|293|316|0|29|SA289G|131.0		21|30|58|31|40||45.0;23|30|58|33|40|SA26G|21.0												TGTGCAGCATGGGATGACAGCCTGAGTGGCCTGGGTGTTC	34								CAAWDDS_*VAWVF		:::::::::0:-3:29:::::31:-1:40:::
78	2	0.002890173410404624	TGTGGTACATGGCACAGCAACTCTAAGACTTGGGTGTTC	CCCCCCCCCCCCCCCCCCCCCCCCCCCCCCCCCCCCCCC	IGLV5-52*00(383)		IGLJ3*00(190)		285|315|337|0|30||150.0		20|30|58|29|39||50.0												TGTGGTACATGGCACAGCAACTCTAAGACTTGGGTGTTC	34								CGTWHSNSKTWVF		:::::::::0:-2:30:::::29:0:39:::
79	2	0.002890173410404624	TGTCAGCAGCGTAGCAACTGGCCTCTCATCACCTTC	CCCCCCCCCCCCCCCCCCCCCCCCCCCCCCCCCCCC	IGKV3-11*00(566)		IGKJ5*00(100)		261|285|305|0|24||120.0		21|30|58|27|36||45.0												TGTCAGCAGCGTAGCAACTGGCCTCTCATCACCTTC	34								CQQRSNWPLITF		:::::::::0:0:24:::::27:-1:36:::
80	2	0.002890173410404624	TGCTGCTCATATACAAGCAGTGCCACTCGGGTGTGC	CCCCCCCCCCCCCCCCCCCCCCCCCCCCCCCCCCCC	IGLV2-5*00(336)		IGLJ3*00(166),IGLJ2*00(147)		267|294|318|0|27||135.0		16|30|58|22|36|SA19CST21CST28G|28.0;23|30|58|29|36|SA26GST28G|7.0												TGCTGCTCATATACAAGCAGTGCCACTCGGGTGTGC	34								CCSYTSSATRVC		:::::::::0:-4:27:::::22:4:36:::
81	2	0.002890173410404624	TGTCAAAAGTATAACAGTGCCCCTATTCACTTTC	CCCCCCCCCCCCCCCCCCCCCCCCCCCCCCCCCC	IGKV1-27*00(580)		IGKJ3*00(140)		261|286|305|0|25||125.0		19|30|58|23|34||55.0												TGTCAAAAGTATAACAGTGCCCCTATTCACTTTC	34								CQKYNS_PLFTF		:::::::::0:1:25:::::23:1:34:::
82	2	0.002890173410404624	TGTCAGGCGTGGGACAGCAGCACTGTGGTATTC	CCCCCCCCCCCCCCCCCCCCCCCCCCCCCCCCC	IGLV3-1*00(677)		IGLJ2*00(190)		258|283|305|0|25||125.0		16|30|58|20|33|DA19|53.0												TGTCAGGCGTGGGACAGCAGCACTGTGGTATTC	34								CQAWDSSTVVF		:::::::::0:-2:25:::::20:4:33:::
83	2	0.002890173410404624	TGCATGCAAGATGCACAAGTCACGTGGACGTTC	CCCCCCCCCCCCCCCCCCCCCCCCCCCCCCCCC	IGKV2-26*00(719),IGKV2-29*00(632)		IGKJ1*00(205)		277|296|323|0|19||95.0;276|286|320|0|10|SA278C|36.0		17|30|58|20|33||65.0												TGCATGCAAGATGCACAAGTCACGTGGACGTTC	34								CMQDAQVTWTF		:::::::::0:-7:19:::::20:3:33:::
84	2	0.002890173410404624	TGTCAGCAGTATGGTAGCTCACCTCACTTTC	CCCCCCCCCCCCCCCCCCCCCCCCCCCCCCC	IGKV3-20*00(690)		IGKJ4*00(185)		264|288|308|0|24||120.0		21|30|58|22|31||45.0												TGTCAGCAGTATGGTAGCTCACCTCACTTTC	34								CQQYG_AHLTF		:::::::::0:0:24:::::22:-1:31:::
85	2	0.002890173410404624	TGTCAACAGTATTATAGTTTCCCCCTTC	CCCCCCCCCCCCCCCCCCCCCCCCCCCC	IGKV1-8*00(458),IGKV1-16*00(402)		IGKJ4*00(155)		261|284|305|0|23|SA280T|101.0;261|284|305|0|23|SC263TSA273TSA280T|73.0		27|30|58|25|28||15.0												TGTCAACAGTATTATAGTTTCCCCCTTC	34								CQQYY_VSPF		:::::::::0:-1:23:::::25:-7:28:::
86	2	0.002890173410404624	TAAGTAACTCCTTTGCTTTCATTT	CCCCCCCCCCCCCCCCCCCCCCCC	TRAV13-2*00(65)		TRAJ2*00(60)		267|268|300|0|1||5.0		50|55|86|19|24||25.0												TAAGTAACTCCTTTGCTTTCATTT	34								*VTPLLSF		:::::::::0:-12:1:::::19:-30:24:::
87	2	0.002890173410404624	TGGTACTTCGATCTCTGG	CCCCCCCCCCCCCCCCCC	IGHV3-33-2*00(53),IGHV3-79*00(53)		IGHJ2*00(250)		285|287|318|0|2||10.0;283|285|323|0|2||10.0		24|42|73|0|18||90.0												TGGTACTTCGATCTCTGG	34								WYFDLW		:::::::::0:-11:2:::::0:-4:18:::
88	2	0.002890173410404624	TGTGCGTGGAGGCCT	CCCCCCCCCCCCCCC	TRAV36DV7*00(68)		TRAJ34*00(56)		264|280|297|0|15|DT269|63.0		46|47|78|14|15||5.0												TGTGCGTGGAGGCCT	34								CAWRP		:::::::::0:3:15:::::14:-26:15:::
89	1	0.001445086705202312	TGTGCGAGAGACACAATGAGGGGAGGTGAGTGTGAGCCCAGACACAAACCTCCCTGCAGGGAGGCGGAGGGGGCGGGCGCAGGTGCTGCTCAGGACCAGCAGGGGGCGCGCGGGGCCCACAGAGCATGAGGCCGGGTCAGGAGCAGGTGCAGGGAGGGCGGGGCTTCCTCATCTGCTCAGTGCTCTCCCTCCTCGCCAGCACCTCAGCTGTCCCCAG	CCCCCCCCCCCCCCCCCCCCCCCCCCCCCCCCCCCCCCCCC;CCCC;CCCCCCCCCCCCCCCCCCCCCCCCCCCCCCCCCCCCCCCCCCCCCCCCCCCCCCCCCCCCCCCCCCCCCCCCCCCCCCCCCCCCCCCCCCCCCCCCCCCCCCCCCCCCCCCCCCCCCCCCCCCCCCCCCCCCCCCCCCCCCCCCCCCCCCCCCCCCCCCCCCCCCCCCCC	IGHV3-65*00(281),IGHV4-31*00(260),IGHV4-4*00(246)	IGHD6-13*00(41),IGHD2-15*00(40)	IGHJ3P*00(40)		292|342|362|0|50|SA293GSA295GSC297GSG307ASC319G|180.0;288|299|319|0|11||55.0;282|293|313|0|11||55.0	4|15|63|79|90|SC7G|41.0;50|72|93|80|102|SC52GSA57GSC61ASG65CST66C|40.0	35|40|69|212|217||25.0												TGTGCGAGAGACACAATGAGGGGAGGTGAGTGTGAGCCCAGACACAAACCTCCCTGCAGGGAGGCGGAGGGGGCGGGCGCAGGTGCTGCTCAGGACCAGCAGGGGGCGCGCGGGGCCCACAGAGCATGAGGCCGGGTCAGGAGCAGGTGCAGGGAGGGCGGGGCTTCCTCATCTGCTCAGTGCTCTCCCTCCTCGCCAGCACCTCAGCTGTCCCCAG	26								CARDTMRGGECEPRHKPPCREAEGAGAGAAQDQQGA_AGPTEHEAGSGAGAGRAGLPHLLSALPPRQHLSCPQ		:::::::::0:0:50:79:17:-27:90:212:-15:217:::
90	1	0.001445086705202312	TGTATGTGAGGCACCAGGTAAGAAGACATCAGTGTGAACACAGACACAGAGGTTCCTGTAATGATAAGGGAGGAGGCTGGGATAAAGGGAGCACTCAAGACCCACAGAAAACAGGGGAAGCTCTAGGGCAGGTGCAGACGGTCGTCATGGGCTACTTTCCTTCAGGGTCTGTGGCTTTCTCTGCATCCAACAGTTCCCCTGG	CCCCCCCCCCCCCCCCCCCCCCC;CCCCCCCCCCCCCCCCCCCCCCCCCCC;CCCCCCCCCCCCCCCCCCCCCCCCCCCCCCCCCCCCCCCCCCCCCCCCCCCCCCCCCCCCCCCCCCCCC;CCCCCCCCCCCCCCCCCCCCCCCCCCCCCCCCCCCCCCCCCCCCCCCCCCCCCCC;CCCCCCCCCCCCCCCCCCCCCCCC	IGHV3-79*00(465),IGHV3-33-2*00(430)	IGHD3-16*00(36),IGHD1-26*00(33),IGHD4-4*00(32)	IGHJ5*00(40)		283|303|323|0|20||100.0;285|298|318|0|13||65.0	24|34|111|57|67|SC29G|36.0;28|38|60|86|95|DT34|33.0;6|18|48|137|149|ST8GSA11C|32.0	33|40|71|195|202||35.0												TGTATGTGAGGCACCAGGTAAGAAGACATCAGTGTGAACACAGACACAGAGGTTCCTGTAATGATAAGGGAGGAGGCTGGGATAAAGGGAGCACTCAAGACCCACAGAAAACAGGGGAAGCTCTAGGGCAGGTGCAGACGGTCGTCATGGGCTACTTTCCTTCAGGGTCTGTGGCTTTCTCTGCATCCAACAGTTCCCCTGG	26								CM*GTR*EDISVNTDTEVPVMIREEAGIKGALKT_TENRGSSRAGADGRHGLLSFRVCGFLCIQQFPW		:::::::::0:0:20:57:13:-40:67:195:-13:202:::
91	1	0.001445086705202312	TGTCAACAGAGTGACAGTACCCCTCCCACAGCGTTACAAGTCATAACATAATCCCCAAGGAAGCAGATGTGTGAGGCTGGGATGCCCCAATGCTCCTTCCGGTGCCTCTATCTGCTGAGGGAAGTTCTCAAACTCAGTCAGGTTTGGAAAGTCATTGGGAGATTTTCCTAGAGGA	CCCCCCCCCCCCCCCCCCCCCCCCCCCCCCCCCCCCCCCCCCCCCCCCCCCCCCCCCCCCCCCCCCCCCCCCCCCCCCCCCCCCCCCCCCCCCCCCCCCCCCCCCCCCCCCCCCCCCCCCCCCCCCCCCCCCC;CCCCCCCCCCCCCCCCCCCCCCCCCCCCCCCCCCCCCCCCC	IGKV1-13*00(226),IGKV1-9*00(226),IGKV1-27*00(217),IGKV1-16*00(212),IGKV1-17*00(212)		IGKJ2*00(40)		261|270|305|0|9||45.0;261|270|305|0|9||45.0;261|285|305|0|24|SA267CST270ASA271GSA273GSG279A|50.0;261|270|305|0|9|SC263T|31.0;261|270|305|0|9|ST265A|31.0		31|31|59|175|175||0.0												TGTCAACAGAGTGACAGTACCCCTCCCACAGCGTTACAAGTCATAACATAATCCCCAAGGAAGCAGATGTGTGAGGCTGGGATGCCCCAATGCTCCTTCCGGTGCCTCTATCTGCTGAGGGAAGTTCTCAAACTCAGTCAGGTTTGGAAAGTCATTGGGAGATTTTCCTAGAGGA	26								CQQSDSTPPTALQVIT*SPRKQMCEAGMP_NAPSGASIC*GKFSNSVRFGKSLGDFPRG		:::::::::0:-15:9:::::175:-11:175:::
92	1	0.001445086705202312	TCTGTGAGAGATACGGTAAGGAGAAGTCAGTGTGAGCCCAGACACAAACCTCCCTTCAGGGTACCTGGGACAACCAGGGAAAGCCTGGGACACTGTGCACTGTGCTGACCCCAGGGGCAAGTGCAGGTGCTACAAGGGCTGGGTTTCCTGTCTTGATCTGG	CCCCCCCC;C;CCCCCCCCCCCCCCCCCCCCCCCCCCCCCCCCCCCC;CCCCCCCCCCCCCCCCCCCCCCCCCCCCCCCCCCCCCCCCCCCCCCCCCCCCCCCCCCCCCCCCCCCCCCCCCCCC;CCCCCCCCCCCCCCCCCCCCCCCCC;CCCCCCCCCC	IGHV3-6*00(340)	IGHD1-1*00(39),IGHD5-24*00(35)	IGHJ3*00(45)		284|296|315|0|12||60.0	12|25|51|60|74|I17TST19G|39.0;29|36|60|128|135||35.0	33|39|70|155|161||30.0												TCTGTGAGAGATACGGTAAGGAGAAGTCAGTGTGAGCCCAGACACAAACCTCCCTTCAGGGTACCTGGGACAACCAGGGAAAGCCTGGGACACTGTGCACTGTGCTGACCCCAGGGGCAAGTGCAGGTGCTACAAGGGCTGGGTTTCCTGTCTTGATCTGG	26								SVRDTVRRSQCEPRHKPPFRVPGTTRE_PGTLCTVLTPGASAGATRAGFPVLIW		:::::::::0:1:12:60:5:-9:74:155:-13:161:::
93	1	0.001445086705202312	TGTGTGAAACACAGAGTGAGGGGAAGTCAGTGAGAGCCCAGGCACAAACCTCCCTGAAGGGGTCCCAGAAACGACTAGGGGGCGCCAGGACACTGTGCACGGGGCTGTCTCCAGGGCAAGTGCAGGTGCTGAGGAGGGCTGGCTTTCTGCCATGGCCTGG	CCCCCCCCCCCCCCCCCCCCCCCCCCCCCCCCCCCCCCCCCCCCCCCCCCCCCCCCCCCCCCCCCCCCCCCCCCCCCCCCCCCCCCCCCCCCCCCCCCCCCCCCCCCCCCCCCCCCCCCCCCCCCCCCCCCCCCCCCCCCCCCCCCCCCCCCCCCCCCCC	IGHV3-11*00(367),IGHV3-21*00(367),IGHV3-7*00(367),IGHV3-48*00(339),IGHV3-60*00(321)	IGHD5-18*00(36),IGHD5-5*00(36),IGHD6-13*00(31)	IGHJ6*00(40)		285|292|316|0|7|SC289T|21.0;285|292|316|0|7|SC289T|21.0;285|292|316|0|7|SC289T|21.0;285|292|316|0|7|SC289T|21.0;286|295|317|0|9||45.0	9|19|60|103|113|SA14C|36.0;9|19|60|103|113|SA14C|36.0;4|13|63|122|131|SC7G|31.0	48|52|83|156|160||20.0												TGTGTGAAACACAGAGTGAGGGGAAGTCAGTGAGAGCCCAGGCACAAACCTCCCTGAAGGGGTCCCAGAAACGACTAGGGGGCGCCAGGACACTGTGCACGGGGCTGTCTCCAGGGCAAGTGCAGGTGCTGAGGAGGGCTGGCTTTCTGCCATGGCCTGG	34								CVKHRVRGSQ*EPRHKPP*RGPRND*G_RQDTVHGAVSRASAGAEEGWLSAMAW		:::::::::0:-4:7:103:11:-21:113:156:-28:160:::
94	1	0.001445086705202312	TGTCAGAAGCGTAGCAACTGGCCTCCCACAGTGATTCCACATGAAACAAAAACCCCAACAAGACCATCAGTGTTTACTAGATTATTATACCAGCTGCTTCCTTTACAGACAGCTAGTGGGGTGGCCACTCAGTGTTAGCATCTCAGCTCTATTT	CCCCCC;CCCCCCCCCCCCCCCCCCCCCCC;CCCCCCCCCCCCCCCCCCCCCCCCCCCCCCCCCCCCCC;CCCCCCCCCCCCCCCCCCCCCCCCCCCCCCCCC;CCCCCCCCCCCCCCCCCCCCCCCCCCCCCC;CCCCCCCCCCCCCC;CCCC	IGKV3-11*00(651)		IGKJ2*00(40)		261|285|305|0|24|SC267A|106.0		28|31|59|151|154||15.0												TGTCAGAAGCGTAGCAACTGGCCTCCCACAGTGATTCCACATGAAACAAAAACCCCAACAAGACCATCAGTGTTTACTAGATTATTATACCAGCTGCTTCCTTTACAGACAGCTAGTGGGGTGGCCACTCAGTGTTAGCATCTCAGCTCTATTT	26								CQKRSNWPPTVIPHETKTPTRPSVFT_DYYTSCFLYRQLVGWPLSVSISALF		:::::::::0:0:24:::::151:-8:154:::
95	1	0.001445086705202312	CAGTGTCCTCAGCCTTTAGGCTGCAGATCTGCAGATATGCCGTGCTGACAGAGGTGTCCAAGGAGAAGACAAACCGTCCTGTGAAGCCCTGGGCATACGTTGGGTTCCCAGTGTTGGTGTTGATCCATCCCATCCACTCAAGCCCTTGTCCAGG	CCCCCCCCCCCCCCCCCCCCCCCCCCCCCCCCCCCCCCCCCCCCCCCCCCCCCCCCCCCCCCCCCCCCCCCCCCCCCCCCCCCCCCCCCCCCCCCCCCCCCCCCCCCCCCCCCCCCCCCCCCCCCCCCCCCCCCCCCCCCCCCCCCCCCCCCCC	IGHV7-27*00(101)	IGHD2-2*00(35),IGHD3-16*00(33),IGHD2-15*00(31)	IGHJ2*00(44)		273|293|293|0|21|I274A|88.0	56|63|93|35|42||35.0;47|57|111|95|104|DT51|33.0;13|25|93|129|141|I16TDA21|31.0	40|42|73|152|154||10.0												CAGTGTCCTCAGCCTTTAGGCTGCAGATCTGCAGATATGCCGTGCTGACAGAGGTGTCCAAGGAGAAGACAAACCGTCCTGTGAAGCCCTGGGCATACGTTGGGTTCCCAGTGTTGGTGTTGATCCATCCCATCCACTCAAGCCCTTGTCCAGG	34								QCPQPLGCRSADMPC*QRCPRRRQTV_CEALGIRWVPSVGVDPSHPLKPLSR		:::::::::0:20:21:35:-25:1:42:152:-20:154:::
96	1	0.001445086705202312	TGTGGTGGCATTGTGTGCATCCCTTGTTTAGGTACATGCAGAGATGCTGCTTTGGTGTGTTCAGGGGCTCCTGTTTTGGGGACACCAATTTTGGAGTTTGCAGTATCCTTGAGTCCAGTACGTTCATGGTGGCATTGGGTCTGG	CCCCCCCCCCCCCCCCCCCCCCCCCCCCCCCCCCCCCCCCCCCCCCCCCCCCCCCCCCCCCCCCCCCCCCCCCCCCCCCCCCCCCCCCCCCCCCCCCCCCCCCCCCCCCCCCCCCCCCCCCCCCCCCCCCCCCCCCCCCCCCC;	IGHV3-36*00(300)	IGHD3-3*00(45)	IGHJ6*00(40)		293|302|321|0|9||45.0	41|50|93|88|97||45.0	46|52|83|138|144||30.0												TGTGGTGGCATTGTGTGCATCCCTTGTTTAGGTACATGCAGAGATGCTGCTTTGGTGTGTTCAGGGGCTCCTGTTTTGGGGACACCAATTTTGGAGTTTGCAGTATCCTTGAGTCCAGTACGTTCATGGTGGCATTGGGTCTGG	26								CGGIVCIPCLGTCRDAALVCSGAPVLGTPILEFAVSLSPVRSWWHWVW		:::::::::0:1:9:88:-10:-12:97:138:-26:144:::
97	1	0.001445086705202312	TGTGTGAGAAACACTGTGAGAGGACGGAAGTGTGAGCCCAGACACAAACCTCATGCAGGAACGTTGGGGGAAATCAGCTGCAGGGGGCGCTCAAGACCCACTCATCAGAGTCAACCCCAGAGCAGGTGCACATGGAGGCTGG	CCCCCCCCCCCCCCCCCCCCCCCCCCCCCCCCCCCCCCCCCCCCCCCCCCCCCCCCCCCCCCCCCCCCCCCCCCCC;CCCCCCCCCCC;CCCCCCCCCCCCCCCCCCCCCCCCCCCCCCCCCCCCCCCCCCCCCCCCCCCCC	IGHV3-19*00(470)	IGHD3-16*00(43)	IGHJ6*00(49)		282|293|313|0|11||55.0	48|60|111|60|71|DT51|43.0	38|52|83|129|142|SC45GDT47|39.0												TGTGTGAGAAACACTGTGAGAGGACGGAAGTGTGAGCCCAGACACAAACCTCATGCAGGAACGTTGGGGGAAATCAGCTGCAGGGGGCGCTCAAGACCCACTCATCAGAGTCAACCCCAGAGCAGGTGCACATGGAGGCTGG	26								CVRNTVRGRKCEPRHKPHAGTLGE_SAAGGAQDPLIRVNPRAGAHGGW		:::::::::0:0:11:60:-11:-14:71:129:-18:142:::
98	1	0.001445086705202312	TGTCAACATTTCTGTGTAGTCACCTACCTGTGAAAACGATTCTTCCTTAATGAAAGACTCAAACATGTCAGCTCAGTGATAAAAAAAATTTCCAAGTTATAATGAAGCTCTGACCTGGGCCACTTTT	CCCCCCCCCCCCCCCCCCCCCCCCCCCCCCCCCCCCCCCCCCCCCCCCCCCCCCCCCCCCCCCCCCCCCCCCCCCCCCCCCCCCCCCCCCCCCCCCCCCCCCCC;CCCCCCCCCCCCCCCCCCCCCC	IGKV1-27*00(374),IGKV1-13*00(368),IGKV1-16*00(356),IGKV1-37*00(352),IGKV1-9*00(337)		IGKJ2*00(40)		261|267|305|0|6||30.0;261|273|305|0|11|DG269|43.0;261|269|305|0|8|SC263T|26.0;261|268|305|0|7|SG261T|21.0;261|269|305|0|8||40.0		24|31|59|120|127||35.0												TGTCAACATTTCTGTGTAGTCACCTACCTGTGAAAACGATTCTTCCTTAATGAAAGACTCAAACATGTCAGCTCAGTGATAAAAAAAATTTCCAAGTTATAATGAAGCTCTGACCTGGGCCACTTTT	26								CQHFCVVTYL*KRFFLNERLK_MSAQ**KKFPSYNEALTWATF		:::::::::0:-18:6:::::120:-4:127:::
99	1	0.001445086705202312	TGTTTCTAAAAATACAGCCAAGGAGCCAAGGTTCTTAGAGCCTTCCCAGGAAAGGAAATTGAGACAAAAGGAATTTAGGCATCCAGTAGTTCTAATAAATATTGAGTGAATGTAAAATTTTACTTT	CCCCCCCCCCCCCCCCCCCCCCCCCCCCCCCCCCCCCCCCCCCCCCCCCCCCCCCCCCCCCCCCCCCCCCCCCCCCCCCCCCCCCCCCCCCCCCCCCCCCCCCCCCCCCCCCCCCCCCCCCCCCCC	TRAV31*00(52)		TRAJ21*00(68)		272|284|309|0|11|DG276SC280A|29.0		32|44|75|114|126||60.0												TGTTTCTAAAAATACAGCCAAGGAGCCAAGGTTCTTAGAGCCTTCCCAGGAAAGGAAATTGAGACAAAAGGAATTTAGGCATCCAGTAGTTCTAATAAATATTGAGTGAATGTAAAATTTTACTTT	34								CF*KYSQGAKVLRAFPGKEIETKGI*ASSSSNKY*VNVKFYF		:::::::::0:-5:11:::::114:-12:126:::
100	1	0.001445086705202312	TGGGTCACCAGGTTTATTCAACCAAAATATCACAAAACTTGCACAAATGATACAATGGCACTAAAATCTCACGAATAATTGAGACAGATGTACTTACGTTTGATATCCACTTT	CCCCCCCCCCCCCCCCCCCCCCCCCCCCCCCCCCCCCCCCCCCCCCCCCCCCCCCCCCCCCCCCCCCCCCCCCCCCCCCCCCCCCCCCCCCCCCCCCCCCCCCCCCCCCCC;C	TRBV24-1*00(73)	TRBD1*00(25)	TRBJ1-6*00(50)		270|281|308|0|11|ST272GSC274T|27.0	14|19|36|82|87||25.0	37|45|73|105|113||40.0												TGGGTCACCAGGTTTATTCAACCAAAATATCACAAAACTTGCACAAATGATACAATGGCACTAAAATCTCACGAATAATTGAGACAGATGTACTTACGTTTGATATCCACTTT	26								WVTRFIQPKYHKTCTNDTM_TKISRIIETDVLTFDIHF		:::::::::0:-7:11:82:-2:-5:87:105:-17:113:::
101	1	0.001445086705202312	TCTCAGGTCTGGCAGTCTCTGTCTTAAGTAGAGTATTTGTCCAGTTACATTGTAACTAATCATTGCTAAGGTTGGATTTAGGTCTGCCATTTTTCTACTTATTTTCTATTT	CCCCCCCCCCCCCCCCCCCCCCCCCCCCCCCCCCCCCCCCCCCCCCCCCCCCCCCCCCCCCCCCCCCCCCCCCCCCCCCCCCCCCCCCCCCCCCCCCCCCCCCCCCCCCCC	IGLV3-29*00(81)		IGLJ4*00(42)		253|265|300|0|12|SG261C|46.0		19|30|58|100|111|SG24C|41.0												TCTCAGGTCTGGCAGTCTCTGTCTTAAGTAGAGTATTTGTCCAGTTACATTGTAACTAATCATTGCTAAGGTTGGATTTAGGTCTGCCATTTTTCTACTTATTTTCTATTT	34								SQVWQSLS*VEYLSSYIVTNHC*GWI*VCHFSTYFLF		:::::::::0:-15:12:::::100:1:111:::
102	1	0.001445086705202312	TGTGAAAGACTCAGTGAGGAGGTGTCCTTATGAGCCCTGACACAAACCTGTCAGGGCACTTAGGAACTCCAGGAAGACTCAAGACCACCAAGGGGACTCACGACCACTGG	CCCCCCCCCCCCCCCCCCCCCCCCCCCCCCCCCCCCCCCCCCCCC7CCCCCCCCCCCCCCCCCCCCCCCCCCCCCCCCCCCCCCCCCCCCCCCCC;CCCCCCCCCCCCCC	IGHV4-34*00(201),IGHV6-1*00(193),IGHV4-39*00(178)	IGHD2-15*00(35),IGHD2-21*00(35),IGHD4-23*00(33)	IGHJ2P*00(46)		282|286|313|0|4||20.0;294|303|325|0|9|SC298A|31.0;288|298|319|0|10|SC292ASG293A|22.0	12|19|93|83|90||35.0;12|19|84|83|90||35.0;32|41|57|64|74|I38A|33.0	34|43|78|101|110|SG36C|31.0												TGTGAAAGACTCAGTGAGGAGGTGTCCTTATGAGCCCTGACACAAACCTGTCAGGGCACTTAGGAACTCCAGGAAGACTCAAGACCACCAAGGGGACTCACGACCACTGG	22								CERLSEEVSL*ALTQTCQ_HLGTPGRLKTTKGTHDHW		:::::::::0:-7:4:83:19:-43:90:101:-14:110:::
103	1	0.001445086705202312	TGTGAAAGACTCAGTGAGGAGGTGTCCTTATGAGCCCTGACACAAACCTGTAAGGGCACTTAGGACCTCCAGGAAGACTCAAGACCACCAAGGGGACTCACGACCACTGG	CCCCCCCCCCCCCCCCCCCCCCCCCCCCCCCCCCCCCCCCCCCCCCCCCCCCCCCCCCCCCCCCCCCCCCCCCCCCCCCCCCCCCCCCCCCCCCCCCCCCCCCCCCCCCC	IGHV6-1*00(179)	IGHD2-15*00(35),IGHD2-21*00(35),IGHD3-16*00(30)	IGHJ2P*00(55)		294|303|325|0|9|SC298A|31.0	12|19|93|83|90||35.0;12|19|84|83|90||35.0;40|46|111|27|33||30.0	34|43|78|101|110|SG36C|31.0												TGTGAAAGACTCAGTGAGGAGGTGTCCTTATGAGCCCTGACACAAACCTGTAAGGGCACTTAGGACCTCCAGGAAGACTCAAGACCACCAAGGGGACTCACGACCACTGG	34								CERLSEEVSL*ALTQTCK_HLGPPGRLKTTKGTHDHW		:::::::::0:-2:9:83:19:-43:90:101:-14:110:::
104	1	0.001445086705202312	TCTGTGCTTTGGCCATGTGACCCATTCGAGTGTCCTGCACGGGCACAGGTTTGTGTCTGGGCAGGAACAGGGACTGTGTCCCTGTGTGATGCTTTTGATATCTGG	CCCCCCCCCCCCCCC;CCCCCCCCCCCCCCCCCCCCCCCCCCCCCCCCCCCCCCCCCCCCCCCCCCCCCCCCCCCCCCCCCCCCCCCCCCCCCCCCCCCCCCCCC	IGHV3-6*00(45)	IGHD6-6*00(30),IGHD4-11*00(28),IGHD4-4*00(28)	IGHJ3*00(250)		284|290|315|0|6||30.0	16|22|54|25|31||30.0;6|15|48|72|80|DA11|28.0;6|15|48|72|80|DA11|28.0	20|39|70|86|105||95.0												TCTGTGCTTTGGCCATGTGACCCATTCGAGTGTCCTGCACGGGCACAGGTTTGTGTCTGGGCAGGAACAGGGACTGTGTCCCTGTGTGATGCTTTTGATATCTGG	26								SVLWPCDPFECPARAQVCVWAGTGTVSLCDAFDIW		:::::::::0:-5:6:25:2:-14:31:86:0:105:::
105	1	0.001445086705202312	TGTGCGAGAGACACAGTGAGGGGAAGTCAGTGTGAGCCCAGACACAAACCTCCCTGCAGGGGTCCCTTGGGACCACCAGGGGGAGACAGGGCATTGAGCACTGG	CCCCCCCCCCCCCCCCCCCCCCCCCCCCCCCCCCCCCCCCCCCCCCCCCCCCCCCCCCCCCCCCCCCCCCCCCCCCCCCCCCCCCCCCCCCCCCCCCCCCCCCC	IGHV3-65*00(392)	IGHD2-15*00(35),IGHD2-21*00(35),IGHD3-16*00(35)	IGHJ2P*00(43)		292|342|362|0|50|SA293GSA295GSC297GSG316A|194.0	12|19|93|71|78||35.0;12|19|84|71|78||35.0;54|61|111|78|85||35.0	34|43|78|95|104||45.0												TGTGCGAGAGACACAGTGAGGGGAAGTCAGTGTGAGCCCAGACACAAACCTCCCTGCAGGGGTCCCTTGGGACCACCAGGGGGAGACAGGGCATTGAGCACTGG	34								CARDTVRGSQCEPRHKP_LQGSLGTTRGRQGIEHW		:::::::::0:0:50:71:19:-43:78:95:-14:104:::
106	1	0.001445086705202312	TCAAAAAAAAAAAAAAAAAAAAAAAAGAATTCCAACACACAAGTCTCTATGCTTGTAGGATTCCAAGCAGATTAAGATCAAAAACAAGGCAAACTGACTTAT	CCCCCCCCCCCCCCCCCCCCCCCCCCCCCCCCCCCCCCCCCCCCCCCCCCCCCCCCCCCCCCCCCCCCCCCCCCCCCCCCCCCCCCCCCCCC;C;CCCCCCC	TRAV27*00(80)		TRAJ22*00(55)		264|265|294|0|1||5.0		35|52|83|84|102|I43ASC48TST50A|45.0												TCAAAAAAAAAAAAAAAAAAAAAAAAGAATTCCAACACACAAGTCTCTATGCTTGTAGGATTCCAAGCAGATTAAGATCAAAAACAAGGCAAACTGACTTAT	26								SKKKKKKKKNSNTQVSMLVGFQAD*DQKQGKLTY		:::::::::0:-9:1:::::84:-15:102:::
107	1	0.001445086705202312	TGTGCCAGATATACACAGAGGGGAAGTCATTGTGCGCCCCTTCGCTATTGTTAAGGCAATCATCTGTCTAATACAGCTGCTGTGGAGGTCAATCCACAG	CCCCCCCCCCCCCCCCCCCCCCCCCCCCCCCCCCCCCCCCCCCCCCCCCCCCCCCCCCCCCCCCCCCCCCCCCCCCCCCCCCCCCCCCCCCCCCCCCCC	IGHV3-38*00(370)	IGHD6-13*00(45),IGHD2-2*00(41),IGHD5-18*00(40)	IGHJ6*00(40)		279|292|310|0|13||65.0	4|13|63|73|82||45.0;49|60|93|73|84|SA57G|41.0;24|32|60|70|78||40.0	51|52|83|98|99||5.0												TGTGCCAGATATACACAGAGGGGAAGTCATTGTGCGCCCCTTCGCTATTGTTAAGGCAATCATCTGTCTAATACAGCTGCTGTGGAGGTCAATCCACAG	34								CARYTQRGSHCAPLRYC*GNHLSNTAAVEVNPQ		:::::::::0:2:13:73:17:-29:82:98:-31:99:::
108	1	0.001445086705202312	GTGTGAAAGATGCAGTGAGAAGTCAGTGTGAGCCCAGACACAAACCTCCCTGCAGGGTACCTGGGACAACCAGGGAAAGCCTGGGAAACTATATACTGG	CCCCCCCCCCCCCCCCCCCCCCCCCCCCCCCCCCCCCCCCCCCCCCCCCCCCCCCCCCCCCCCCCCCCCCCCCCCCCCCCCCCCCCCCCCCCCCCCCCC	IGHV3-62*00(682),IGHV3-60*00(640)	IGHD1-1*00(39)	IGHJ4*00(40)		285|297|316|0|11|DT285|43.0;286|298|317|0|11|DT286|43.0	12|25|51|56|70|I17TST19G|39.0	31|37|68|93|99||30.0												GTGTGAAAGATGCAGTGAGAAGTCAGTGTGAGCCCAGACACAAACCTCCCTGCAGGGTACCTGGGACAACCAGGGAAAGCCTGGGAAACTATATACTGG	34								V*KMQ*EVSVSPDTNLPAGYLGQPGKAWETIYW		:::::::::0:1:11:56:5:-9:70:93:-11:99:::
109	1	0.001445086705202312	TGTGTGAGAGGCACAGTGAGGGGAGGTCAGTGTGAGCCCAGACACAAACCTCCTGCAGGGGCATCTGGAGACACAAGGGGGCGCTCAGGATACACAGA	CCCCCCCCCCCCCCCCCCCCCCCCCCCCCCCCCCCCCCCCCCCCCCCCCCCCCCCCCCCCCCC;CCCCCCCCCCCCCCCCCCCCCCCCCCCCCCCCCC	IGHV3-52*00(560)	IGHD1-26*00(31),IGHD2-15*00(30),IGHD3-10*00(30)	IGHJ2P*00(41)		285|297|316|0|12||60.0	25|34|60|28|37|SG29T|31.0;31|37|93|86|92||30.0;46|52|93|19|25||30.0	37|43|78|92|98|ST40ASG42A|2.0												TGTGTGAGAGGCACAGTGAGGGGAGGTCAGTGTGAGCCCAGACACAAACCTCCTGCAGGGGCATCTGGAGACACAAGGGGGCGCTCAGGATACACAGA	26								CVRGTVRGGQCEPRHK_SCRGIWRHKGALRIHR		:::::::::0:1:12:28:-5:-6:37:92:-17:98:::
110	1	0.001445086705202312	TGTGCAAGAGACACAGTGAGGGGAAGTCAGTGTGAGCCCAAACACAAACCTCTCTGCAGAATGCTTGGGGGAAATCAGCTGCGGGGGGCACACAGG	CCCCCCCCCCCCCCCCCCCCCCCCCCCCCCCCCCCCCCCCCCCCCCCCCCCCCCCCCCCCCCCCCCCCCCCCCCCCCCCCCCCCCCCCCCCCCCCC	IGHV3-65*00(350),IGHV3-13*00(337),IGHV3-47*00(309)	IGHD3-16*00(40)	IGHJ1P*00(47)		292|342|362|0|50|SA293GSA295GSC297ASG316ASG332A|180.0;282|293|313|0|11||55.0;282|293|313|0|11||55.0	52|60|111|64|72||40.0	22|41|72|76|96|SG24CST28GSC35AI37AST38A|27.0												TGTGCAAGAGACACAGTGAGGGGAAGTCAGTGTGAGCCCAAACACAAACCTCTCTGCAGAATGCTTGGGGGAAATCAGCTGCGGGGGGCACACAGG	34								CARDTVRGSQCEPKHKPLCRMLGGNQLRGAHR		:::::::::0:0:50:64:-15:-14:72:76:-2:96:::
111	1	0.001445086705202312	TGTACCACAGACACAGTGAGGGGAGGTCGGTGTGAGCCCAGACAGAAACCTCCCTGCAGGGGCGCGCGGGGCAACCAGGGGGCGCTCGGG	CCCCCCCCCCCCCCCCCCCCCCCCCCCCCCCCCCCCCCCCCCCCCCCCCCCCCCCCCCCCCCCCCCCCCCCCCCCCCCCCCCCCCCCCC;	IGHV3-65*00(635),IGHV3-15*00(623)	IGHD6-19*00(26),IGHD6-25*00(26),IGHD5-18*00(25)	IGHJ1P*00(40)		292|342|362|0|50|SA293GSG299CSA320GSC336G|194.0;291|302|322|0|11||55.0	28|36|63|55|63|ST32G|26.0;25|33|54|55|63|SC29G|26.0;2|7|60|72|77||25.0	29|41|72|77|90|SC35GI37TST38G|20.0												TGTACCACAGACACAGTGAGGGGAGGTCGGTGTGAGCCCAGACAGAAACCTCCCTGCAGGGGCGCGCGGGGCAACCAGGGGGCGCTCGGG	26								CTTDTVRGGRCEPRQKPPCRGARGNQGALG		:::::::::0:0:50:55:-7:-6:63:77:-9:90:::
112	1	0.001445086705202312	TGTGCAAGAGAAGCACATGAGGAAAGGCCGGTGTGAGACACAAACATCCAGGAACACCTGGGCTAATGAGCTGCAGGGGGCGCTCAGG	CCCCCCCCCCCCCCCCCCCCCCCCCCCCCCCCCCCCCCCCCCCCCCCCCCCCCCCCCCCCCCCCCCCCCCCCCCCCCCCCCCCCCCCC	IGHV3-74*00(198)	IGHD2-8*00(30),IGHD1-14*00(29),IGHD2-15*00(29)	IGHJ1P*00(47)		285|296|316|0|11||55.0	42|48|93|62|68||30.0;26|38|51|50|61|DC30SG34C|29.0;23|35|93|42|53|ST25CDT30|29.0	22|41|72|68|88|SG24CST28ASC35GI37TST38A|27.0												TGTGCAAGAGAAGCACATGAGGAAAGGCCGGTGTGAGACACAAACATCCAGGAACACCTGGGCTAATGAGCTGCAGGGGGCGCTCAGG	34								CAREAHEERPV*DTN_SRNTWANELQGALR		:::::::::0:0:11:62:-11:-14:68:68:-2:88:::
113	1	0.001445086705202312	TATACATAAGGTCCCAAGTGAGGAAATATCGGTGTGAGTCCAGACAAAACATTTCCTGCAAAAAGAAGAAAGGAGTCTGG	CCCCCCCCCCCCCCCCCCCCCCCCCCCCCCCCCCCCCCCCCCCCCCCCCCCCCCCCCCCCC;CCCCCCCCCCCCCCCCCC	IGHV3-32*00(375)	IGHD3-9*00(40)	IGHJ6*00(50)		285|298|318|0|13||65.0	17|25|93|23|31||40.0	42|52|83|71|80|DC45|33.0												TATACATAAGGTCCCAAGTGAGGAAATATCGGTGTGAGTCCAGACAAAACATTTCCTGCAAAAAGAAGAAAGGAGTCTGG	26								YT*GPK*GNIGVS_RQNISCKKKKGVW		:::::::::0:0:13:23:14:-37:31:71:-22:80:::
114	1	0.001445086705202312	TGTGCGAGAGACACAGTGAGGGGAGGTGAGTGTGAGCCCAGACACAAACCTCCCTGCAGGGAGGCTGAGGGGACC	CCCCCCCC7CCCCCCCCCCCCCCCCCCCCCCCCCCCCCCCCCCCCCC;CCCCCCCCCCCCCCCCCCCCCC;CCCC	IGHV4-39*00(698),IGHV4-28*00(649),IGHV4-34*00(640),IGHV4-59*00(638),IGHV4-61*00(638)	IGHD1-26*00(31),IGHD3-10*00(30),IGHD3-16*00(30)	IGHJ2P*00(47)		288|297|319|0|9||45.0;285|294|316|0|9||45.0;282|292|313|0|10||50.0;282|293|313|0|11||55.0;288|299|319|0|11||55.0	25|34|60|28|37|SG29T|31.0;46|52|93|19|25||30.0;55|61|111|19|25||30.0	43|43|78|75|75||0.0												TGTGCGAGAGACACAGTGAGGGGAGGTGAGTGTGAGCCCAGACACAAACCTCCCTGCAGGGAGGCTGAGGGGACC	22								CARDTVRGGECEPRHKPPCREAEGT		:::::::::0:-2:9:28:-5:-6:37:75:-23:75:::
115	1	0.001445086705202312	TGTGTGAGAGGGACAATCTAAAACCTTCCGCGGTGCAGGTGCAGAGTGAGCTGCCAGACACACCCTCCCCAGG	CCCCCCCCCCCCCCCCCCCCCCCCCCCCCCCCCCCCCCCCCCCCCCCCCCCCCCCCCCCCCCCCCCCCCCCCC	IGHV5-78*00(570)	IGHD6-6*00(35),IGHD2-15*00(30),IGHD6-13*00(30)	IGHJ5*00(41),IGHJ1P*00(40)		285|295|315|0|10||50.0	4|11|54|47|54||35.0;50|56|93|48|54||30.0;5|11|63|48|54||30.0	33|40|71|66|73|ST37A|21.0;34|41|72|66|73|ST38A|21.0												TGTGTGAGAGGGACAATCTAAAACCTTCCGCGGTGCAGGTGCAGAGTGAGCTGCCAGACACACCCTCCCCAGG	34								CVRGTI*NLPRC_GAE*AARHTLPR		:::::::::0:0:10:47:14:-25:54:66:-13:73:::
116	1	0.001445086705202312	TGTGCAAAAGATACACAGTGAGGGGAAGTCAGCGAGAGCCCAGACAAAAACCTCGCTGCAGGAAGACAGGAGG	CCCCCCCCCCCCCCCCCCCCCCCCCCCCCCCCCCCCCCCCCCCCCCCCCCCCCCCCCCCCCCCCCCCCCCCCC	IGHV3-43*00(460)	IGHD3-9*00(36)	IGHJ2P*00(42)		285|298|318|0|13||65.0	10|20|93|39|49|ST14A|36.0	41|43|78|71|73||10.0												TGTGCAAAAGATACACAGTGAGGGGAAGTCAGCGAGAGCCCAGACAAAAACCTCGCTGCAGGAAGACAGGAGG	34								CAKDTQ*GEVSE_AQTKTSLQEDRR		:::::::::0:0:13:39:21:-42:49:71:-21:73:::
117	1	0.001445086705202312	TGTGCGAGAGACACAGTGAGGGGAAGCCAGTGAGAGCCCAGACACAAACGTCCCTGCAGGAAGACAGGAGG	CCCCCCCCCCCCCCCCCCCCCCCCCCCCCCCCCCCCCCCCCCCCCCCCCCCCCCCCCCCCCCCCCCCCCCC	IGHV3-20*00(405)	IGHD3-16*00(35),IGHD1-26*00(31)	IGHJ1*00(46),IGHJ2P*00(46)		285|296|316|0|11||55.0	19|26|111|44|51||35.0;25|34|60|28|37|SG29A|31.0	39|41|72|69|71||10.0;41|43|78|69|71||10.0												TGTGCGAGAGACACAGTGAGGGGAAGCCAGTGAGAGCCCAGACACAAACGTCCCTGCAGGAAGACAGGAGG	34								CARDTVRGSQ*E_QTQTSLQEDRR		:::::::::0:0:11:44:18:-48:51:69:-19:71:::
118	1	0.001445086705202312	TGTAAGAGACACAGTGAGGAGAAGTCAGTGTGAGCCCAGTCACAAACCTCCTACAGGAACGCTGG	CCCCCCCCCCCCCCCCCCCCCCCCCCCCCCCCCCCCCCCCCCCCCCCCCCCCCCCCCCCCCCCCC	IGHV3-76*00(966)	IGHD3-9*00(38),IGHD2-21*00(35)	IGHJ6*00(41)		283|292|312|0|9||45.0	10|20|93|35|46|I17C|38.0;7|14|84|36|43||35.0	33|52|83|47|65|SA35CST41GSG43ADT47|36.0												TGTAAGAGACACAGTGAGGAGAAGTCAGTGTGAGCCCAGTCACAAACCTCCTACAGGAACGCTGG	34								CKRHSEEKSV*_PVTNLLQERW		:::::::::0:0:9:35:21:-42:46:47:-13:65:::
119	1	0.001445086705202312	TGTGCACACACCCCCCCGTATAACTGGAACGACGATGGGGCCCAAGGACTCTTTGACTACTGG	CCCCCCCCCCCCCCCCCCCCCCCCCCCCCCCCCCCCCCCCCCCCCCCCCCCCCCCCCCCCCCC	IGHV2-5*00(135),IGHV2-26*00(120)	IGHD1-20*00(86)	IGHJ4*00(224)		288|298|321|0|10||50.0;288|295|321|0|7||35.0	15|35|51|14|34|SG17C|86.0	17|37|68|44|63|ST19GDA23|69.0												TGTGCACACACCCCCCCGTATAACTGGAACGACGATGGGGCCCAAGGACTCTTTGACTACTGG	34								CAHTPPYNWNDDGAQGLFDYW		:::::::::0:-3:10:14:2:1:34:44:3:63:::
120	1	0.001445086705202312	GAGAGACATGGTGAGGGGAAATCAGTATGAGCCCAGACAGAAACCTCCCTGCAGGAACCCTGG	CCCCCCCCCCCCCCCCCCCCCCCCCCCCCCCCCCCCCCCCCCCCCCCCCCCCCCCCCCCCCCC	IGHV3-37*00(1201)	IGHD3-10*00(32),IGHD2-21*00(30),IGHD2-8*00(30)	IGHJ5*00(41)		288|294|314|0|6||30.0	39|51|93|7|19|ST44GSC45A|32.0;40|46|84|8|14||30.0;45|51|93|7|13||30.0	31|40|71|54|63|SC33A|31.0												GAGAGACATGGTGAGGGGAAATCAGTATGAGCCCAGACAGAAACCTCCCTGCAGGAACCCTGG	34								ERHGEGKSV*AQTETSLQEPW		:::::::::0:0:6:7:-8:-11:19:54:-11:63:::
121	1	0.001445086705202312	TATTTAGCACAGAATGGCAGCCTCGCTGATTATTCTCTGATTATCTGGATGCTCTAGATC	CCCCCCCCCCCCCCCCCCCCCCCCCCCCCCCCCCCCCCCCCCCCCCCCCCCCCCCCC;CC	IGLV2-14*00(153),IGLV2-18*00(153),IGLV2-34*00(153),IGLV2-28*00(144),IGLV2-23*00(139)		IGLJ7*00(48)		267|268|317|0|1||5.0;267|268|317|0|1||5.0;267|268|317|0|1||5.0;255|256|305|0|1||5.0;267|268|317|0|1||5.0		19|30|58|48|60|SG24CI26AST27A|15.0												TATTTAGCACAGAATGGCAGCCTCGCTGATTATTCTCTGATTATCTGGATGCTCTAGATC	26								YLAQNGSLADYSLIIWML*I		:::::::::0:-29:1:::::48:1:60:::
122	1	0.001445086705202312	TGTGCTGTGGAGGATTGAGGAGGGTGAGCCTCAAAAGCCCAGCCAATGCATTGC	CCCCCCCCCCCCCCCCCCCCCCCCCCCC;CCCC;CCCCCCCCCCCCCCCCCCCC	TRAV2*00(80)		TRAJ35*00(40)		249|264|283|0|15||75.0		40|48|79|46|54||40.0												TGTGCTGTGGAGGATTGAGGAGGGTGAGCCTCAAAAGCCCAGCCAATGCATTGC	26								CAVED*GG*ASKAQPMHC		:::::::::0:1:15:::::46:-20:54:::
123	1	0.001445086705202312	TGCTCAGCATGGGACAGCAGCCTCAGTGCTCATGTGCCCCTTTGAGTGTTC	CCCCCCCCCCCCCCCCCCCCCCCCCCCCCCCCCCC;CCCCCC;CCCCCCCC	IGLV10-54*00(948)		IGLJ3*00(176),IGLJ2*00(156)		264|301|316|0|37|ST274GSA298T|157.0		20|30|58|41|51|SG23A|36.0;24|30|58|45|51|SA26G|16.0												TGCTCAGCATGGGACAGCAGCCTCAGTGCTCATGTGCCCCTTTGAGTGTTC	26								CSAWDSSLSAHVPL*VF		:::::::::0:5:37:::::41:0:51:::
124	1	0.001445086705202312	TGTGCGAGAGGACTTGGCAGCTCTGGAGGAGCCTGGTTCGACCCCTGG	CCCCCCCCCCCCCCCCCCCCCCCCCCCCCCCCCCCCCCCCCCCCCCCC	IGHV4-59*00(470),IGHV4-61*00(470),IGHV4-34*00(448),IGHV4-4*00(442),IGHV4-28*00(423)	IGHD6-6*00(35),IGHD2-15*00(32),IGHD5-18*00(31)	IGHJ5*00(235)		282|292|313|0|10||50.0;288|298|319|0|10||50.0;282|296|313|0|14|SC293A|56.0;282|292|313|0|10||50.0;285|294|316|0|9||45.0	25|32|54|16|23||35.0;58|70|93|20|32|SC61TST66G|32.0;27|36|60|17|26|SA32C|31.0	24|40|71|32|48||80.0												TGTGCGAGAGGACTTGGCAGCTCTGGAGGAGCCTGGTTCGACCCCTGG	34								CARGLGSSGGAWFDPW		:::::::::0:-1:10:16:-7:-4:23:32:-4:48:::
125	1	0.001445086705202312	TGTGCCAGCACCCGCTGGGGGGAGAGTAATTCACCCCTCCACTTT	CCCCCCCCCCCCCCCCCCCCCCCCCCCCCCCCCCCCCCCCCCC;C	TRBV28*00(410)	TRBD2*00(30)	TRBJ1-6*00(139)		270|280|307|0|10||50.0	4|10|48|10|16||30.0	26|45|73|26|45||95.0												TGTGCCAGCACCCGCTGGGGGGAGAGTAATTCACCCCTCCACTTT	26								CASTRWGESNSPLHF		:::::::::0:-7:10:10:12:-22:16:26:-6:45:::
126	1	0.001445086705202312	TGTGCGAGTAGAGCAGCTGGTAGCCCCCTGTTAGGAGGCTACTGG	CCCCCCCCCCCCCCCCCCCCCCCCCCCCCCCCCCCCCCCCCCCCC	IGHV1-3*00(320),IGHV1-69*00(310),IGHV1-8*00(297),IGHV1-46*00(296),IGHV1-67*00(296)	IGHD2-2*00(50),IGHD6-13*00(50)	IGHJ4*00(190),IGHJ5*00(175)		285|296|316|0|12|I293T|43.0;285|296|316|0|12|I293T|43.0;285|293|316|0|8||40.0;285|296|316|0|12|I293T|43.0;289|300|320|0|12|SG293CI297T|29.0	6|16|93|12|22||50.0;31|41|63|12|22||50.0	30|37|68|38|45||35.0;36|40|71|41|45||20.0												TGTGCGAGTAGAGCAGCTGGTAGCCCCCTGTTAGGAGGCTACTGG	34								CASRAAGSPLLGGYW		:::::::::0:0:12:12:25:-46:22:38:-10:45:::
127	1	0.001445086705202312	TGTGCGAGAGTTGGAAGTATGGAGGGGCGGTACTTCGATCTCTGG	CCCCCCCCCCCCCCCCCCCCCCCCCCCCCCCCCCCCCCCCCCCCC	IGHV3-71*00(105),IGHV4-31*00(105),IGHV4-4*00(105),IGHV4-59*00(105),IGHV4-61*00(105)	IGHD1-7*00(26),IGHD3-3*00(26),IGHD5-18*00(25)	IGHJ2*00(226)		291|301|322|0|10||50.0;288|298|319|0|10||50.0;282|292|313|0|10||50.0;282|292|313|0|10||50.0;288|298|319|0|10||50.0	25|33|51|11|19|SC30G|26.0;44|52|93|19|27|ST49G|26.0;31|36|60|17|22||25.0	25|42|73|28|45||85.0												TGTGCGAGAGTTGGAAGTATGGAGGGGCGGTACTTCGATCTCTGG	34								CARVGSMEGRYFDLW		:::::::::0:-1:10:11:-8:-1:19:28:-5:45:::
128	1	0.001445086705202312	TGTACCACAGAGGATAGGAGCAGCAGCTGGGCCCACTCTCTCTGG	CCCCCCCCCCCCCCCCCCCCCCCCCCCCCCCCCCCCCCCCCCCCC	IGHV3-15*00(105)	IGHD6-13*00(60)	IGHJ4*00(175),IGHJ5*00(175)		291|302|322|0|11||55.0	27|39|63|18|30||60.0	33|37|68|41|45||20.0;36|40|71|41|45||20.0												TGTACCACAGAGGATAGGAGCAGCAGCTGGGCCCACTCTCTCTGG	34								CTTEDRSSSWAHSLW		:::::::::0:0:11:18:-6:-3:30:41:-13:45:::
129	1	0.001445086705202312	TGTGCCAGAGATATCTCCTACGATCTGTTTGATATCTGG	CCCCCCCCCCCCCCCCCCCCCCCCCCCCCCCCCCCCCCC	IGHV4-31*00(313),IGHV4-4*00(299),IGHV4-39*00(285),IGHV4-59*00(285),IGHV4-61*00(285)		IGHJ3*00(199)		288|305|319|0|17|SG293CSC300A|57.0;282|299|313|0|17|SG287CSC294A|57.0;288|305|319|0|17|SG293CSC297GSG300A|43.0;282|299|313|0|17|SG287CSC294A|57.0;288|305|319|0|17|SG293CSC300A|57.0		21|39|70|21|39|DG24I27G|61.0												TGTGCCAGAGATATCTCCTACGATCTGTTTGATATCTGG	34								CARDISYDLFDIW		:::::::::0:6:17:::::21:-1:39:::
130	1	0.001445086705202312	TGTGCGAGAGAATCCGGTATAACTGGAACTGGGTACTGG	CCCCCCCCCC;CCCCCCCCCCCCCCCCCCCCCCCCCCCC	IGHV4-31*00(230),IGHV4-4*00(216),IGHV4-55*00(206),IGHV4-59*00(202),IGHV4-61*00(202)	IGHD1-7*00(85),IGHD1-20*00(80)	IGHJ4*00(185),IGHJ5*00(175),IGHJ1*00(166)		288|299|319|0|11||55.0;282|293|313|0|11||55.0;285|294|316|0|9||45.0;282|293|313|0|11||55.0;288|299|319|0|11||55.0	15|32|51|13|30||85.0;15|31|51|13|29||80.0	31|37|68|33|39||30.0;36|40|71|35|39||20.0;36|41|72|34|39||25.0												TGTGCGAGAGAATCCGGTATAACTGGAACTGGGTACTGG	26								CARESGITGTGYW		:::::::::0:0:11:13:2:-2:30:33:-11:39:::
131	1	0.001445086705202312	TGTAAGATGTGGGACATTAGGACTCCTCATTGGGTGTTC	CCCCCCCCCCCCCCCCCCCCCCCCCCCCCCCCCCCCCCC	IGLV3-24*00(562)		IGLJ3*00(195)		252|282|304|0|30||150.0		19|30|58|28|39||55.0												TGTAAGATGTGGGACATTAGGACTCCTCATTGGGTGTTC	34								CKMWDIRTPHWVF		:::::::::0:-2:30:::::28:1:39:::
132	1	0.001445086705202312	TGCCAGTCCTATGACAGCAGCCTGAGTGGTTGGGTGTTC	CCCCCCCCCCCCCCCCCCCCCCCCCCCCCCCCCCCCCCC	IGLV1-40*00(411)		IGLJ3*00(190)		267|298|319|0|31||155.0		20|30|58|29|39||50.0												TGCCAGTCCTATGACAGCAGCCTGAGTGGTTGGGTGTTC	34								CQSYDSSLSGWVF		:::::::::0:-1:31:::::29:0:39:::
133	1	0.001445086705202312	TGCGGAACATGGGATAGCAGCCTGACCGCTGAGGTGTTC	CCCCCCCCCCCCCCCCCCCCCCCCCCCCCCCCCCCCCCC	IGLV1-51*00(392)		IGLJ3*00(175),IGLJ2*00(162)		264|295|316|0|31|SG289CST290C|127.0		23|30|58|32|39||35.0;20|30|58|29|39|ST22ASA26G|22.0												TGCGGAACATGGGATAGCAGCCTGACCGCTGAGGTGTTC	34								CGTWDSSLTAEVF		:::::::::0:-1:31:::::32:-3:39:::
134	1	0.001445086705202312	TGCCAACAGTATAATAGTTACCCTGAGGGATCACCTTC	CCCCCCCCCCCCCCCCCCCCCCCCCCCCCCCCCCCCCC	IGKV1-16*00(684),IGKV1-17*00(628),IGKV1-8*00(628),IGKV1-13*00(618),IGKV1-9*00(614)		IGKJ5*00(190)		261|289|305|0|29|I285G|128.0;261|289|305|0|29|ST263CST265ASC270TI285G|86.0;261|289|305|0|29|ST263CST273AI285G|100.0;261|289|305|0|29|ST263CST271ASA277GI285G|86.0;261|289|305|0|29|ST263CSC270TST271AI285G|86.0		20|30|58|28|38||50.0												TGCCAACAGTATAATAGTTACCCTGAGGGATCACCTTC	34								CQQYNS_P*GITF		:::::::::0:4:29:::::28:0:38:::
135	1	0.001445086705202312	TGTCAGCAGCGTAGCAACTGGCCTCCGTACACTTTT	CCCCCCCCCCCCCCCCCCCCCCCCCCCCCCCCCCCC	IGKV3-11*00(180)		IGKJ2*00(190)		261|285|305|0|24||120.0		21|31|59|26|36||50.0												TGTCAGCAGCGTAGCAACTGGCCTCCGTACACTTTT	34								CQQRSNWPPYTF		:::::::::0:0:24:::::26:-1:36:::
136	1	0.001445086705202312	TGTCAGCAATATTATAGTACTCCTCCAGCCACTTTC	CCCCCCCCCCCCCCCCCCCCCCCCCCCCCCCCCCCC	IGKV4-1*00(621)		IGKJ4*00(165)		279|303|323|0|24||120.0		23|30|58|29|36||35.0												TGTCAGCAATATTATAGTACTCCTCCAGCCACTTTC	34								CQQYYSTPPATF		:::::::::0:0:24:::::29:-3:36:::
137	1	0.001445086705202312	TGTCAACAGAGTTACAGTACCCTTTCGTACACTTTT	CCCCCCCCC;CCCCCCCCCCCCCCCCCCCCCCCCCC	IGKV1-39*00(390)		IGKJ2*00(190)		261|283|305|0|22||110.0		21|31|59|26|36||50.0												TGTCAACAGAGTTACAGTACCCTTTCGTACACTTTT	26								CQQSYSTLSYTF		:::::::::0:-2:22:::::26:-1:36:::
138	1	0.001445086705202312	TGCTGCTCATATACAAGCAGTGCCACTTATGTCTTC	CCCCCCCCCCCCCCCCCCCCCCCCCCCCCCCCCCCC	IGLV2-5*00(725)		IGLJ1*00(190)		267|296|318|0|29||145.0		20|30|58|26|36||50.0												TGCTGCTCATATACAAGCAGTGCCACTTATGTCTTC	34								CCSYTSSATYVF		:::::::::0:-2:29:::::26:0:36:::
139	1	0.001445086705202312	TGCGGAACATGGGATAGCAGCCTGAGTGCTGTGTTC	CCCCCCCCCCCCCCCCCCCCCCCCCCCCCCCCCCCC	IGLV1-51*00(310)		IGLJ3*00(170),IGLJ2*00(156)		264|295|316|0|31||155.0		24|30|58|30|36||30.0;24|30|58|30|36|SA26G|16.0												TGCGGAACATGGGATAGCAGCCTGAGTGCTGTGTTC	34								CGTWDSSLSAVF		:::::::::0:-1:31:::::30:-4:36:::
140	1	0.001445086705202312	TGCTGCTCATATGCAGGTAGTAGCCCCTGGTGTTC	CCCCCCCCCCCCCCCCCCCCCCCCCCCCCCCCCCC	IGLV2-23*00(720)		IGLJ3*00(140),IGLJ2*00(131)		267|291|317|0|24||120.0		23|30|58|28|35||35.0;22|30|58|27|35|SA26G|26.0												TGCTGCTCATATGCAGGTAGTAGCCCCTGGTGTTC	34								CCSYAG_*PLVF		:::::::::0:-6:24:::::28:-3:35:::
141	1	0.001445086705202312	TGCCAACAGTATAATAGTTACCCCCTCTCACTTTC	CCCCCCCCCCCCCCCCCCCCCCCCCCCCCCCCCCC	IGKV1-16*00(305),IGKV1-5*00(276)		IGKJ4*00(171)		261|284|305|0|23||115.0;261|281|305|0|20||100.0		21|30|58|26|35||45.0												TGCCAACAGTATAATAGTTACCCCCTCTCACTTTC	34								CQQYNS_PPLTF		:::::::::0:-1:23:::::26:-1:35:::
142	1	0.001445086705202312	TGTCTACAGCATAATAGTTACCCTCGGGACGTTC	CCCCCCCCCCCCCCCCCCCCCCCCCCCCCCCCCC	IGKV1-17*00(786),IGKV1-9*00(730)		IGKJ1*00(130)		261|289|305|0|28|SA285C|126.0;261|289|305|0|28|SA265TST271ASA285C|98.0		22|30|58|26|34||40.0												TGTCTACAGCATAATAGTTACCCTCGGGACGTTC	34								CLQHNS_TLGTF		:::::::::0:4:28:::::26:-2:34:::
143	1	0.001445086705202312	TGTCAGACCTGGGGCACTGGCATTCGTGGTATTC	CCCCCCCCCCCCCCCCCCCCCCCCCCCCCCCCCC	IGLV4-69*00(301)		IGLJ2*00(185),IGLJ3*00(161)		273|301|319|0|28|SA298G|126.0		21|30|58|25|34||45.0;23|30|58|27|34|SG26A|21.0												TGTCAGACCTGGGGCACTGGCATTCGTGGTATTC	34								CQTWGT_AFVVF		:::::::::0:2:28:::::25:-1:34:::
144	1	0.001445086705202312	TGTCAACAGAGTTACAGTACCCCTGTGGACGTTC	CCCCCCCCCCCCCCCCCCCCCCCCCCCCCCCCCC	IGKV1-39*00(606)		IGKJ1*00(190)		261|285|305|0|24||120.0		20|30|58|24|34||50.0												TGTCAACAGAGTTACAGTACCCCTGTGGACGTTC	34								CQQSYS_PLWTF		:::::::::0:0:24:::::24:0:34:::
145	1	0.001445086705202312	TGTTTGATTTGGCACAACAGCGCTTGGTTTTTC	CCCCCCCCCCCCCCCCCCCCCCCCCCCCCCCCC	IGLV5-45*00(607),IGLV5-48*00(551)		IGLJ3*00(162),IGLJ2*00(155)		285|310|332|0|25|SA288TSG301A|97.0;285|310|332|0|25|SA288TSG301AST305C|83.0		20|30|58|23|33|SG24TSG26T|22.0;27|30|58|30|33||15.0												TGTTTGATTTGGCACAACAGCGCTTGGTTTTTC	34								CLIWHNSAWFF		:::::::::0:-2:25:::::23:0:33:::
146	1	0.001445086705202312	TGTCAGCAGTATGGTAGCTCACCTCGGACTTTT	CCCCCCCCCCCCCCCCCCCCCCCCCCCCCCCCC	IGKV3-20*00(201)		IGKJ2*00(170)		264|291|308|0|27|SA288C|121.0		25|31|59|27|33||30.0												TGTCAGCAGTATGGTAGCTCACCTCGGACTTTT	34								CQQYGSSPRTF		:::::::::0:3:27:::::27:-5:33:::
147	1	0.001445086705202312	TGTCAGCAGTATGGTAGCTCACCTCGGACGTTC	CCCCCCCCCCCCCCCCCCCCCCCCCCCCCCCCC	IGKV3-20*00(156)		IGKJ1*00(180)		264|291|308|0|27|SA288C|121.0		22|30|58|25|33||40.0												TGTCAGCAGTATGGTAGCTCACCTCGGACGTTC	34								CQQYGSSPRTF		:::::::::0:3:27:::::25:-2:33:::
148	1	0.001445086705202312	TGTCAGCAATATTATAGTACTCCCCCGCTACTC	;CCCCCCCCCCCCCCCCCCCCCCCCCCCCCCCC	IGKV4-1*00(625)		IGKJ4*00(150)		279|302|323|0|23||115.0		28|30|58|31|33||10.0												TGTCAGCAATATTATAGTACTCCCCCGCTACTC	26								CQQYYSTPPLL		:::::::::0:-1:23:::::31:-8:33:::
149	1	0.001445086705202312	TGTCAGCAATATCATAGTGCTCCGCTCACTTTC	CCCCCCCCCCCCCCCCCCCCCCCCCCCCCCCCC	IGKV4-1*00(432)		IGKJ4*00(181)		279|302|323|0|23|ST291CSA297G|87.0		19|30|58|22|33||55.0												TGTCAGCAATATCATAGTGCTCCGCTCACTTTC	34								CQQYHSAPLTF		:::::::::0:-1:23:::::22:1:33:::
150	1	0.001445086705202312	TGTCAACAGTATTATAGTTACCCCTGGACGTTC	CCCCCCCCCCCCCCCCCCCCCCCCCCCCCCCCC	IGKV1-8*00(565),IGKV1-13*00(495),IGKV1-16*00(495)		IGKJ1*00(185)		261|284|305|0|23||115.0;261|284|305|0|23|ST271ASA273TSA277G|73.0;261|284|305|0|23|SC263TSA273T|87.0		21|30|58|24|33||45.0												TGTCAACAGTATTATAGTTACCCCTGGACGTTC	34								CQQYYSYPWTF		:::::::::0:-1:23:::::24:-1:33:::
151	1	0.001445086705202312	TGTCAACAGAGTTACAGTACCCCGCTCACTTTC	CCCCCCCCCCCCCCCCCCCCCCCCCCCCCCCCC	IGKV1-39*00(310)		IGKJ4*00(195)		261|284|305|0|23||115.0		19|30|58|22|33||55.0												TGTCAACAGAGTTACAGTACCCCGCTCACTTTC	34								CQQSYSTPLTF		:::::::::0:-1:23:::::22:1:33:::
152	1	0.001445086705202312	TGCTTGCTCTCCTATAGTGGTGCTTATGTCTTC	CCCCCCCCC;CCCCCCCCCCCCC;CCCCCCCCC	IGLV7-46*00(180)		IGLJ1*00(190)		267|291|314|0|24||120.0		20|30|58|23|33||50.0												TGCTTGCTCTCCTATAGTGGTGCTTATGTCTTC	26								CLLSYSGAYVF		:::::::::0:-3:24:::::23:0:33:::
153	1	0.001445086705202312	TGCCAACAGTATGATACTTACCCGCTCACTTTC	CCCCCCCCCCCCCCCCCCCCCCCCCCCCCCCCC	IGKV1-5*00(739)		IGKJ4*00(166)		261|281|305|0|20|SA273GSG277C|72.0		19|30|58|22|33||55.0												TGCCAACAGTATGATACTTACCCGCTCACTTTC	34								CQQYDTYPLTF		:::::::::0:-4:20:::::22:1:33:::
154	1	0.001445086705202312	TGCCAACAGTATAATAGTTTTTCTCGGACGTTC	CCCCCCCCCCCCCCCCCCCCC;CCCCCCCCCCC	IGKV1-5*00(796)		IGKJ1*00(180)		261|285|305|0|24|SA280T|106.0		22|30|58|25|33||40.0												TGCCAACAGTATAATAGTTTTTCTCGGACGTTC	26								CQQYNSFSRTF		:::::::::0:0:24:::::25:-2:33:::
155	1	0.001445086705202312	TGCCAACAGTATAATAGTTATTTATTCACTTTC	CCCCCCCCCCCCCCCCCCCCCCCCCCCCCCCCC	IGKV1-5*00(485),IGKV1-16*00(447)		IGKJ3*00(195)		261|283|305|0|22||110.0;261|281|305|0|20||100.0		19|30|58|22|33||55.0												TGCCAACAGTATAATAGTTATTTATTCACTTTC	34								CQQYNSYLFTF		:::::::::0:-2:22:::::22:1:33:::
156	1	0.001445086705202312	TGTCTGCAGAGTAAGAATTTCCGTGGACGTTC	CCCCCCCCCCCCCCCCCCCCCCCCCCCCCCCC	IGKV7-3*00(410)		IGKJ1*00(195)		273|293|317|0|20||100.0		19|30|58|21|32||55.0												TGTCTGCAGAGTAAGAATTTCCGTGGACGTTC	34								CLQSK_FPWTF		:::::::::0:-4:20:::::21:1:32:::
157	1	0.001445086705202312	TGTCAGCAGTATGGTAGCTCACGTGGACGTTC	CCCCCCCCCCCCCCCCCCCCCCC7CCCCCCCC	IGKV3-20*00(325)		IGKJ1*00(205)		264|286|308|0|22||110.0		17|30|58|19|32||65.0												TGTCAGCAGTATGGTAGCTCACGTGGACGTTC	22								CQQYG_LTWTF		:::::::::0:-2:22:::::19:3:32:::
158	1	0.001445086705202312	TGCATGCAAGGTACACACTGGACTCCGGGTTC	CCCCCCCCCCCCCCCCCCCCCCCCCCCCCCCC	IGKV2-30*00(617)		IGKJ4*00(155)		276|300|320|0|24|SC297A|106.0		27|30|58|29|32||15.0												TGCATGCAAGGTACACACTGGACTCCGGGTTC	34								CMQGT_LDSGF		:::::::::0:0:24:::::29:-7:32:::
159	1	0.001445086705202312	TGTCTACAGCATAATAGTTACCCTCACCTTC	CCCCCCCCCCCCCCCCCC;CCCCCCCCCCCC	IGKV1-17*00(225)		IGKJ5*00(180)		261|285|305|0|24||120.0		22|30|58|23|31||40.0												TGTCTACAGCATAATAGTTACCCTCACCTTC	26								CLQHN_VTLTF		:::::::::0:0:24:::::23:-2:31:::
160	1	0.001445086705202312	TGTCAGCAATATTATAGTACTCCTCACTTTC	CCCCCCCCCCCCCCCCCCCCCCCCCCCCCCC	IGKV4-1*00(335)		IGKJ4*00(185)		279|303|323|0|24||120.0		21|30|58|22|31||45.0												TGTCAGCAATATTATAGTACTCCTCACTTTC	34								CQQYY_VLLTF		:::::::::0:0:24:::::22:-1:31:::
161	1	0.001445086705202312	TGTCAACAGTATGATAATCACGTACACTTTT	CCCCCCCCCCCCCCCCCCCCCCCCCCCCCCC	IGKV1-33*00(330)		IGKJ2*00(191)		261|280|305|0|19||95.0		18|31|59|18|31|ST20C|51.0												TGTCAACAGTATGATAATCACGTACACTTTT	34								CQQYD_ITYTF		:::::::::0:-5:19:::::18:2:31:::
162	1	0.001445086705202312	TGCATGCAAGCTCTACAAACTCCTCACTTTC	CCCCCCCCCCCCCCCCCCCCCCCCCCCCCCC	IGKV2-28*00(165)		IGKJ4*00(185)		276|300|320|0|24||120.0		21|30|58|22|31||45.0												TGCATGCAAGCTCTACAAACTCCTCACTTTC	34								CMQAL_KLLTF		:::::::::0:0:24:::::22:-1:31:::
163	1	0.001445086705202312	TGTCAGCAGTATGGTAGCTCACACACTTTT	CCCCCCCCCCCCCCCCCCCCCCCCCCCCCC	IGKV3-20*00(155)		IGKJ2*00(180)		264|286|308|0|22||110.0		23|31|59|22|30||40.0												TGTCAGCAGTATGGTAGCTCACACACTTTT	34								CQQYGSSHTF		:::::::::0:-2:22:::::22:-3:30:::
164	1	0.001445086705202312	TGCATGCAAGGTACACACTGGCCCACTTTC	CCCCCCCCCCCCCCCCCCCCCCCCCCCCCC	IGKV2-30*00(615)		IGKJ4*00(176)		276|299|320|0|23||115.0		20|30|58|20|30|ST22C|36.0												TGCATGCAAGGTACACACTGGCCCACTTTC	34								CMQGTHWPTF		:::::::::0:-1:23:::::20:0:30:::
165	1	0.001445086705202312	TGTCAACAGGCTAACAGTCGTACACTTTT	CCCCC;CCCCCCCCCCCCCCCCCCCCCCC	IGKV1-12*00(490)		IGKJ2*00(190)		261|279|305|0|18||90.0		21|31|59|19|29||50.0												TGTCAACAGGCTAACAGTCGTACACTTTT	26								CQQAN_SYTF		:::::::::0:-6:18:::::19:-1:29:::
166	1	0.001445086705202312	TGTGCAGGGCCCAGAACTCACCAAAGATC	CCCCCCCCCCCCCCCCCCCCCCCCCCCCC	TRAV25*00(87)		TRAJ18*00(40),TRAJ6*00(40)		264|276|293|0|12||60.0		55|55|86|29|29||0.0;51|51|82|29|29||0.0												TGTGCAGGGCCCAGAACTCACCAAAGATC	34								CAGPR_SPKI		:::::::::0:3:12:::::29:-35:29:::
167	1	0.001445086705202312	TGTCAACAGTATGATAATCTCCCCCCCA	CCCCCCCCCCCCCCC;C;CCCCCCCCCC	IGKV1-33*00(890)		IGKJ3*00(60)		261|284|305|0|23||115.0		30|30|58|28|28||0.0												TGTCAACAGTATGATAATCTCCCCCCCA	26								CQQYD_ISPP		:::::::::0:-1:23:::::28:-10:28:::
168	1	0.001445086705202312	TGTCAGCAGTATGGTAGCTCACCGAC	CCCCCCCCCCCCCCCCCCCCCCCCCC	IGKV3-20*00(455)		IGKJ2*00(88)		264|287|308|0|23||115.0		31|31|59|26|26||0.0												TGTCAGCAGTATGGTAGCTCACCGAC	34								CQQY_*LTD		:::::::::0:-1:23:::::26:-11:26:::
169	1	0.001445086705202312	TGTCACAGTGTTGGGTGTTC	CCCCCCCCCCCCCCCCCCCC	IGLV3-6*00(45)		IGLJ3*00(190)		252|260|304|0|8||40.0		20|30|58|10|20||50.0												TGTCACAGTGTTGGGTGTTC	34								CHS_WVF		:::::::::0:-24:8:::::10:0:20:::
